Date,AAPL_250C_20271217,CL=F,EEM,ES=F,EURUSD=X,GBPUSD=X,GC=F,GLD,HYG,IEF,IWM,JPY=X,LQD,NQ=F,QQQ,QQQ_700P_20271217,SPY,SPY_550P_20271217,SPY_650C_20271217,TLT,USO,UUP,ZN=F
2025-06-17,,74.83999633789062,45.714778900146484,5985.0,1.1551345586776733,1.3565576076507568,3386.60009765625,311.94000244140625,74.90536499023438,90.93736267089844,206.40618896484375,144.72900390625,103.20944213867188,21730.5,525.953369140625,,589.2398071289062,,,82.72686767578125,82.30000305175781,26.475786209106445,110.84375
2025-06-18,,75.13999938964844,45.7049674987793,5981.5,1.1482638120651245,1.3430029153823853,3389.800048828125,310.260009765625,75.0185317993164,90.99510192871094,207.494873046875,145.37600708007812,103.28591918945312,21720.25,525.8638916015625,,589.1510620117188,,,82.8703384399414,82.2699966430664,26.52413558959961,111.0625
2025-06-19,,,,,1.1477497816085815,1.3416515588760376,,,,,,144.9550018310547,,,,,,,,,,,
2025-06-20,,74.93000030517578,45.44015884399414,6010.2099609375,1.1512778997421265,1.3476725816726685,3368.10009765625,310.1300048828125,75.25428771972656,91.05286407470703,207.05941772460938,145.21800231933594,103.3719482421875,21889.890625,523.7166137695312,,587.7673950195312,,,82.71731567382812,83.12000274658203,26.49512481689453,110.984375
2025-06-23,,68.51000213623047,45.8128547668457,6077.0,1.1500862836837769,1.3435983657836914,3377.699951171875,311.0799865722656,75.3957290649414,91.3704833984375,209.59307861328125,146.2239990234375,103.63005065917969,22073.5,529.1017456054688,,593.5730590820312,,,82.98507690429688,76.41000366210938,26.38875961303711,111.453125
2025-06-24,,64.37000274658203,46.99961471557617,6146.25,1.1599044799804688,1.3545364141464233,3317.39990234375,306.19000244140625,75.60319519042969,91.6881103515625,212.2653350830078,145.92799377441406,104.1175537109375,22412.75,537.1928100585938,,600.1304321289062,,,83.58763122558594,73.0,26.253381729125977,111.65625
2025-06-25,,64.91999816894531,47.038848876953125,6147.0,1.161224365234375,1.361488938331604,3327.10009765625,307.1199951171875,75.5843505859375,91.72662353515625,209.79103088378906,144.95700073242188,103.9932861328125,22461.0,538.5661010742188,,600.4666748046875,,,83.69281768798828,73.30999755859375,26.185693740844727,111.6875
2025-06-26,,65.23999786376953,47.35270309448242,6195.0,1.1683744192123413,1.369187831878662,3333.5,306.7799987792969,75.80123138427734,92.0538558959961,213.1956787109375,144.9040069580078,104.37564086914062,22669.25,543.6019287109375,,605.16455078125,,,84.11361694335938,73.58999633789062,26.07932472229004,112.015625
2025-06-27,,65.5199966430664,47.166351318359375,6223.75,1.1692214012145996,1.37247633934021,3273.699951171875,301.2200012207031,75.7635269165039,91.81324768066406,213.26495361328125,144.69400024414062,104.20359802246094,22751.5,545.462890625,,608.1712646484375,,,83.57806396484375,73.27999877929688,26.127676010131836,111.8125
2025-06-30,,65.11000061035156,47.313472747802734,6253.75,1.1727453470230103,1.3719680309295654,3294.39990234375,304.8299865722656,76.05586242675781,92.17899322509766,213.5717315673828,144.51699829101562,104.77713775634766,22893.25,548.9959106445312,,611.0791015625,,,84.40054321289062,73.11000061035156,25.992298126220703,112.125
2025-07-01,,65.44999694824219,47.4017448425293,6248.75,1.178717017173767,1.3730605840682983,3336.699951171875,307.54998779296875,75.96015167236328,92.00808715820312,215.76895141601562,143.8000030517578,104.90377807617188,22692.75,544.3681640625,,610.8812866210938,,,84.60980987548828,73.93000030517578,25.982629776000977,111.859375
2025-07-02,,67.44999694824219,47.60771179199219,6275.0,1.180553913116455,1.374721646308899,3348.0,309.25,76.1022720336914,91.81497192382812,218.7578887939453,143.40199279785156,104.88460540771484,22843.0,548.1599731445312,,613.650634765625,,,84.07223510742188,75.58999633789062,25.963289260864258,111.625
2025-07-03,,67.0,47.823482513427734,6324.25,1.18002450466156,1.3650014400482178,3331.60009765625,307.1400146484375,76.14966583251953,91.49633026123047,220.78683471679688,143.5260009765625,104.6351318359375,23062.5,553.553955078125,,618.4869995117188,,,83.48666381835938,75.19000244140625,26.0889949798584,111.21875
2025-07-04,,66.5,,6283.5,1.1771491765975952,1.366829752922058,3332.5,,,,,144.6820068359375,,22906.75,,,,,,,,,111.359375
2025-07-07,,67.93000030517578,47.14673614501953,6276.0,1.178078293800354,1.3651504516601562,3332.199951171875,307.3699951171875,75.89382934570312,91.20667266845703,217.47125244140625,144.4980010986328,104.0114974975586,22884.75,549.3840942382812,,613.8780517578125,,,82.68990325927734,76.4800033569336,26.176023483276367,110.921875
2025-07-08,,68.33000183105469,47.440975189208984,6272.0,1.1736538410186768,1.3623607158660889,3307.0,304.1600036621094,75.78961944580078,91.07150268554688,218.9756317138672,145.89199829101562,103.71407318115234,22896.75,549.692626953125,,613.5418090820312,,,82.58432006835938,76.95999908447266,26.195363998413086,110.78125
2025-07-09,,68.37999725341797,47.36251449584961,6307.25,1.1724566221237183,1.3585295677185059,3311.60009765625,305.5199890136719,75.99807739257812,91.54461669921875,221.35096740722656,146.8489990234375,104.30892944335938,23052.75,553.5838623046875,,617.2210693359375,,,83.44827270507812,76.93000030517578,26.195363998413086,111.265625
2025-07-10,,66.56999969482422,47.490013122558594,6324.25,1.17311692237854,1.3593051433563232,3317.39990234375,306.20001220703125,75.92227935791016,91.49633026123047,222.48915100097656,146.11399841308594,104.32810974121094,23013.25,552.7876586914062,,618.9617309570312,,,83.505859375,75.38999938964844,26.243711471557617,111.21875
2025-07-11,,68.44999694824219,47.33308792114258,6300.0,1.1702749729156494,1.3579576015472412,3356.0,309.1400146484375,75.82752227783203,91.07150268554688,219.42100524902344,146.28799438476562,103.69489288330078,22959.0,551.5436401367188,,616.7858276367188,,,82.35393524169922,77.29000091552734,26.321069717407227,110.71875
2025-07-14,,66.9800033569336,47.4017448425293,6311.0,1.1682106256484985,1.3493820428848267,3351.5,308.010009765625,75.88435363769531,91.03288269042969,220.89569091796875,147.2949981689453,103.66612243652344,23035.5,553.5440063476562,,617.9628295898438,,,82.18113708496094,75.62000274658203,26.38875961303711,110.765625
2025-07-15,,66.5199966430664,47.745018005371094,6284.0,1.1666297912597656,1.3428045511245728,3329.800048828125,306.7300109863281,75.65697479248047,90.67560577392578,216.57061767578125,147.79200744628906,103.29194641113281,23056.75,554.0515747070312,,615.3220825195312,,,81.60517120361328,75.26000213623047,26.53380584716797,110.28125
2025-07-16,,66.37999725341797,47.970603942871094,6303.25,1.1607391834259033,1.3393335342407227,3352.5,308.260009765625,75.85594940185547,90.9266586303711,218.74801635742188,148.76100158691406,103.45504760742188,23076.5,554.6187744140625,,617.3792724609375,,,81.72035217285156,75.19000244140625,26.43710708618164,110.625
2025-07-17,,67.54000091552734,48.24522399902344,6340.5,1.1635754108428955,1.3411099910736084,3340.10009765625,307.5899963378906,75.93174743652344,90.89769744873047,221.61819458007812,148.0030059814453,103.7044906616211,23251.0,559.107177734375,,621.1573486328125,,,81.70116424560547,76.16000366210938,26.553142547607422,110.515625
2025-07-18,,67.33999633789062,48.1373405456543,6334.75,1.161548137664795,1.3432555198669434,3353.0,308.3900146484375,76.03595733642578,91.14873504638672,220.04452514648438,148.44200134277344,103.89637756347656,23224.25,558.56982421875,,620.7024536132812,,,81.82594299316406,75.93000030517578,26.51446533203125,110.78125
2025-07-21,,67.19999694824219,48.45119094848633,6344.75,1.1630746126174927,1.341597557067871,3401.89990234375,313.1300048828125,76.14019012451172,91.46737670898438,219.15377807617188,148.43099975585938,104.29933166503906,23342.0,561.4658813476562,,621.87939453125,,,82.55551147460938,75.58999633789062,26.340410232543945,111.1875
2025-07-22,,66.20999908447266,48.480613708496094,6346.75,1.1694538593292236,1.348945140838623,3439.199951171875,316.1000061035156,76.2728271484375,91.72807312011719,220.97488403320312,147.40899658203125,104.54879760742188,23226.25,558.5598754882812,,621.9683837890625,,,83.05470275878906,75.3499984741211,26.205034255981445,111.40625
2025-07-23,,65.25,48.971012115478516,6396.25,1.1739156246185303,1.352155327796936,3394.10009765625,312.17999267578125,76.31075286865234,91.39979553222656,224.3498077392578,146.78500366210938,104.38568878173828,23310.75,561.1075439453125,,627.2598266601562,,,82.59391784667969,75.27999877929688,26.166353225708008,111.015625
2025-07-24,,66.02999877929688,48.706199645996094,6401.5,1.1774264574050903,1.3579576015472412,3371.0,310.2699890136719,76.21598815917969,91.26460266113281,221.2519989013672,146.3489990234375,104.232177734375,23377.5,562.3018798828125,,627.4674072265625,,,82.44991302490234,76.08999633789062,26.234041213989258,110.828125
2025-07-25,,65.16000366210938,48.55907440185547,6425.0,1.1756131649017334,1.3510043621063232,3334.0,307.3999938964844,76.26335906982422,91.4770278930664,222.07347106933594,147.0050048828125,104.56798553466797,23421.25,563.6553955078125,,630.1181030273438,,,82.96829223632812,74.8499984741211,26.29206085205078,110.984375
2025-07-28,,66.70999908447266,48.235416412353516,6422.75,1.1756821870803833,1.344085931777954,3309.10009765625,305.4100036621094,76.22544860839844,91.27425384521484,221.81614685058594,147.81300354003906,104.35689544677734,23491.25,565.4168090820312,,629.9598388671875,,,82.43072509765625,77.16999816894531,26.59182357788086,110.765625
2025-07-29,,69.20999908447266,48.255035400390625,6406.0,1.1596757173538208,1.336023211479187,3323.39990234375,306.25,76.2728271484375,91.8729019165039,220.40084838867188,148.47900390625,105.04768371582031,23452.0,564.5410766601562,,628.29833984375,,,83.82266235351562,79.80000305175781,26.65951156616211,111.359375
2025-07-30,,70.0,47.901947021484375,6396.25,1.1550945043563843,1.3353630304336548,3295.800048828125,300.9599914550781,76.11177062988281,91.55427551269531,219.28244018554688,148.44200134277344,104.65432739257812,23480.5,565.2974853515625,,627.5070190429688,,,83.39067840576172,81.04000091552734,26.920595169067383,111.0
2025-07-31,,69.26000213623047,47.62732696533203,6374.25,1.1429355144500732,1.3257676362991333,3293.199951171875,302.9599914550781,76.15913391113281,91.63151550292969,217.13475036621094,149.2259979248047,104.68312072753906,23365.0,562.3018798828125,,625.1531372070312,,,83.43867492675781,79.58999633789062,26.978612899780273,111.0625
2025-08-01,,67.33000183105469,47.27424240112305,6264.5,1.142374038696289,1.3209865093231201,3347.699951171875,309.1099853515625,76.16293334960938,92.68645477294922,212.71070861816406,150.77200317382812,105.61176300048828,22883.75,551.2251586914062,,614.9066772460938,,,84.6248779296875,77.45999908447266,26.65951156616211,112.203125
2025-08-04,,66.29000091552734,47.7646369934082,6356.0,1.158668041229248,1.3289920091629028,3374.39990234375,310.9100036621094,76.42005920410156,92.81238555908203,217.47125244140625,147.34300231933594,105.7948226928711,23296.5,561.3961791992188,,624.2530517578125,,,84.85616302490234,76.11000061035156,26.64984130859375,112.375
2025-08-05,,65.16000366210938,47.901947021484375,6325.25,1.1584129333496094,1.3297518491744995,3381.89990234375,311.1600036621094,76.38197326660156,92.74457550048828,218.57974243164062,146.79299926757812,105.87187957763672,23132.0,557.5845336914062,,621.088134765625,,,85.11632537841797,75.0199966430664,26.64984130859375,112.296875
2025-08-06,,64.3499984741211,48.12752914428711,6371.0,1.1579166650772095,1.3299463987350464,3380.0,310.5,76.4581527709961,92.67675018310547,218.292724609375,147.55999755859375,105.84297180175781,23422.75,564.6007690429688,,625.845458984375,,,84.6248779296875,73.79000091552734,26.49512481689453,112.234375
2025-08-07,,63.880001068115234,48.5296516418457,6366.5,1.1663167476654053,1.3357912302017212,3400.300048828125,313.1199951171875,76.38197326660156,92.60896301269531,217.5801239013672,147.1929931640625,105.73701477050781,23496.25,566.5115356445312,,625.3212280273438,,,84.48033142089844,73.41999816894531,26.475786209106445,112.09375
2025-08-08,,63.880001068115234,48.490421295166016,6413.5,1.1676650047302246,1.345152735710144,3439.10009765625,313.04998779296875,76.3914794921875,92.39583587646484,218.05519104003906,146.83700561523438,105.39984893798828,23713.75,571.7960815429688,,630.1972045898438,,,84.1141586303711,73.30000305175781,26.52413558959961,111.828125
2025-08-11,,63.959999084472656,48.353111267089844,6399.75,1.1647952795028687,1.3444474935531616,3353.10009765625,308.54998779296875,76.3914794921875,92.42489624023438,218.00570678710938,147.66400146484375,105.5635986328125,23637.5,570.1041870117188,,628.9509887695312,,,84.21053314208984,73.80000305175781,26.630502700805664,111.890625
2025-08-12,,63.16999816894531,48.94158935546875,6468.5,1.1618449687957764,1.3435261249542236,3348.89990234375,308.2699890136719,76.56290435791016,92.40553283691406,224.4784698486328,148.125,105.6599349975586,23938.0,577.2697143554688,,635.6468505859375,,,83.78653717041016,72.94999694824219,26.49512481689453,111.8125
2025-08-13,,62.650001525878906,49.53006362915039,6488.75,1.1677058935165405,1.3504207134246826,3358.699951171875,309.2099914550781,76.76287078857422,92.7348861694336,228.84315490722656,147.75799560546875,106.21868896484375,23946.5,577.558349609375,,637.82275390625,,,84.48033142089844,72.45999908447266,26.42743682861328,112.171875
2025-08-14,,63.959999084472656,48.921974182128906,6490.5,1.171289324760437,1.3585295677185059,3335.199951171875,307.25,76.56290435791016,92.43457794189453,225.89376831054688,147.1199951171875,105.85260009765625,23930.5,577.110595703125,,637.882080078125,,,83.8539810180664,73.73999786376953,26.52413558959961,111.796875
2025-08-15,,62.79999923706055,48.98081970214844,6471.5,1.1651345491409302,1.3530701398849487,3336.0,307.42999267578125,76.62004089355469,92.25052642822266,224.79519653320312,147.6909942626953,105.71772766113281,23804.0,574.57275390625,,636.388671875,,,83.25655364990234,72.80000305175781,26.43710708618164,111.59375
2025-08-18,,63.41999816894531,49.26525115966797,6469.25,1.1706587076187134,1.3556381464004517,3331.699951171875,306.95001220703125,76.56290435791016,92.16334533691406,225.61666870117188,147.26400756835938,105.52507781982422,23797.75,574.3438110351562,,636.2501220703125,,,83.0156478881836,73.16999816894531,26.50479507446289,111.515625
2025-08-19,,62.349998474121094,48.86312484741211,6432.5,1.1668338775634766,1.3508219718933105,3313.39990234375,305.2699890136719,76.54385375976562,92.39583587646484,223.88465881347656,147.91600036621094,105.68883514404297,23469.5,566.5513916015625,,632.7984008789062,,,83.4974594116211,72.30000305175781,26.57248306274414,111.765625
2025-08-20,,63.209999084472656,48.794471740722656,6413.25,1.164252758026123,1.348679542541504,3343.39990234375,308.3599853515625,76.5152816772461,92.53144836425781,223.09288024902344,147.7310028076172,105.73701477050781,23324.0,563.1876220703125,,631.1170043945312,,,83.68052673339844,73.5199966430664,26.553142547607422,111.859375
2025-08-21,,63.52000045776367,48.68658447265625,6388.25,1.165175199508667,1.3466380834579468,3336.89990234375,307.2900085449219,76.37245178222656,92.26021575927734,223.64710998535156,147.3179931640625,105.33240509033203,23219.75,560.5801391601562,,628.5851440429688,,,83.26618194580078,74.12999725341797,26.688520431518555,111.546875
2025-08-22,,63.65999984741211,49.657569885253906,6483.25,1.16130530834198,1.3419395685195923,3374.39990234375,310.5799865722656,76.99141693115234,92.77362823486328,232.41604614257812,148.38600158691406,106.160888671875,23569.75,569.2284545898438,,638.2380981445312,,,83.88289642333984,74.63999938964844,26.42743682861328,112.140625
2025-08-25,,64.80000305175781,49.373138427734375,6455.5,1.1709601879119873,1.35111403465271,3373.800048828125,309.8299865722656,76.83907318115234,92.58958435058594,229.971435546875,147.21499633789062,105.88150787353516,23498.25,567.5863647460938,,635.4292602539062,,,83.6419906616211,75.75,26.64017105102539,111.96875
2025-08-26,,63.25,49.245635986328125,6482.5,1.1618449687957764,1.3453518152236938,3388.60009765625,312.0799865722656,77.01046752929688,92.83174896240234,231.8717041015625,147.82200622558594,105.95857238769531,23591.5,569.8654174804688,,638.0897216796875,,,83.59381866455078,74.05000305175781,26.57248306274414,112.203125
2025-08-27,,64.1500015258789,48.95139694213867,6496.0,1.1639411449432373,1.3478723764419556,3404.60009765625,312.7099914550781,77.1056900024414,93.0061264038086,233.51463317871094,147.46200561523438,105.99712371826172,23628.75,570.7412109375,,639.543701171875,,,83.4974594116211,74.68000030517578,26.5821533203125,112.40625
2025-08-28,,64.5999984741211,49.13774490356445,6517.5,1.1647952795028687,1.3503841161727905,3431.800048828125,315.0299987792969,77.143798828125,93.21924591064453,233.79176330566406,147.3159942626953,106.160888671875,23769.0,574.31396484375,,641.8085327148438,,,84.04670715332031,75.23999786376953,26.485454559326172,112.53125
2025-08-29,,64.01000213623047,48.90235900878906,6472.75,1.1681560277938843,1.35111403465271,3473.699951171875,318.07000732421875,77.0009536743164,93.14173889160156,232.75254821777344,146.7899932861328,105.77554321289062,23461.75,567.666015625,,637.9810180664062,,,83.44925689697266,74.83999633789062,26.46611785888672,112.453125
2025-09-01,,,,,1.1691803932189941,1.3503841161727905,,,,,,147.0970001220703,,,,,,,,,,,
2025-09-02,,65.58999633789062,48.86312484741211,6425.5,1.1715912818908691,1.3547931909561157,3549.39990234375,325.5899963378906,76.91770935058594,92.86378479003906,231.49559020996094,147.08399963378906,105.42172241210938,23275.0,562.908935546875,,633.2533569335938,,,82.82826232910156,76.76000213623047,26.64017105102539,112.140625
2025-09-03,,63.970001220703125,49.04947280883789,6457.25,1.163602590560913,1.3383476734161377,3593.199951171875,328.1400146484375,77.12820434570312,93.18450164794922,231.26795959472656,148.54800415039062,106.05009460449219,23448.75,567.3375854492188,,636.6853637695312,,,83.73751068115234,74.83000183105469,26.59182357788086,112.59375
2025-09-04,,63.47999954223633,48.892547607421875,6510.75,1.16604483127594,1.3441582918167114,3565.800048828125,326.69000244140625,77.33870697021484,93.60242462158203,234.15794372558594,147.97999572753906,106.77513885498047,23668.0,572.4728393554688,,642.00634765625,,,84.37592315673828,74.18000030517578,26.630502700805664,112.828125
2025-09-05,,61.869998931884766,49.48102569580078,6489.75,1.1656913757324219,1.3444474935531616,3613.199951171875,331.04998779296875,77.3769760131836,94.0592041015625,235.32582092285156,148.375,107.47118377685547,23684.0,573.298828125,,640.14697265625,,,85.66240692138672,72.62999725341797,26.49512481689453,113.359375
2025-09-08,,62.2599983215332,49.93218994140625,6506.0,1.1713168621063232,1.3492909669876099,3638.10009765625,334.82000732421875,77.3769760131836,94.35076904296875,235.80088806152344,148.343994140625,107.84820556640625,23799.75,576.0953979492188,,641.7195434570312,,,86.80379486083984,73.04000091552734,26.408098220825195,113.5
2025-09-09,,62.630001068115234,50.206809997558594,6521.75,1.1769136190414429,1.3553073406219482,3643.300048828125,334.05999755859375,77.29085540771484,94.12722778320312,234.41529846191406,147.36399841308594,107.65486907958984,23874.0,577.7276000976562,,643.203125,,,86.31049346923828,73.38999938964844,26.51446533203125,113.3125
2025-09-10,,63.66999816894531,50.55009078979492,6539.75,1.1702749729156494,1.352109670639038,3643.60009765625,335.260009765625,77.34825897216797,94.37992095947266,233.99957275390625,147.39199829101562,107.97388458251953,23877.75,577.9166259765625,,645.0625,,,86.80379486083984,74.70999908447266,26.53380584716797,113.515625
2025-09-11,,62.369998931884766,51.28568649291992,6592.5,1.1703435182571411,1.3534730672836304,3636.89990234375,334.760009765625,77.53963470458984,94.52571105957031,238.32467651367188,147.33200073242188,108.4765853881836,24017.75,581.2803955078125,,650.4232177734375,,,87.38416290283203,73.0,26.44677734375,113.59375
2025-09-12,,62.689998626708984,51.25625991821289,6588.25,1.1734747886657715,1.3576626777648926,3649.39990234375,335.4200134277344,77.46309661865234,94.25358581542969,235.8899688720703,147.2239990234375,108.28324127197266,24113.25,583.8479614257812,,650.2054443359375,,,87.0069351196289,73.30999755859375,26.485454559326172,113.25
2025-09-15,,63.29999923706055,51.62895965576172,6621.5,1.1726491451263428,1.3553440570831299,3682.199951171875,338.9100036621094,77.68315887451172,94.40908813476562,236.88958740234375,147.66600036621094,108.62158966064453,24309.25,588.8439331054688,,653.6671142578125,,,87.21005249023438,74.2300033569336,26.398427963256836,113.40625
2025-09-16,,64.5199966430664,52.011470794677734,6610.75,1.1763737201690674,1.3602666854858398,3688.89990234375,339.5899963378906,77.62574005126953,94.46739196777344,236.49951171875,147.40499877929688,108.52490997314453,24284.0,588.3463745117188,,652.7671508789062,,,87.39384460449219,75.66999816894531,26.234041213989258,113.515625
2025-09-17,,64.05000305175781,52.23705291748047,6601.25,1.1871408224105835,1.365392804145813,3681.800048828125,336.9700012207031,77.54920196533203,94.26329803466797,237.10494995117188,146.41299438476562,108.3315658569336,24222.5,587.172119140625,,651.9561157226562,,,87.17137145996094,74.97000122070312,26.321069717407227,113.09375
2025-09-18,,63.56999969482422,52.109554290771484,6635.0,1.1826341152191162,1.3629734516143799,3643.699951171875,335.6199951171875,77.72142791748047,93.95228576660156,243.010498046875,146.89100646972656,108.10921478271484,24460.25,592.4664916992188,,655.0023803710938,,,86.27179718017578,74.69000244140625,26.44677734375,112.96875
2025-09-19,,62.68000030517578,51.99185562133789,6658.77001953125,1.1791062355041504,1.3556013107299805,3671.5,339.17999267578125,77.75012969970703,93.91341400146484,241.16436767578125,147.94700622558594,108.022216796875,24568.0703125,596.4771728515625,,658.2465209960938,,,86.10734558105469,73.5199966430664,26.52413558959961,112.828125
2025-09-22,,62.63999938964844,52.24686050415039,6752.5,1.1736950874328613,1.3464748859405518,3740.699951171875,345.04998779296875,77.80754089355469,93.75791931152344,242.56385803222656,148.09500122070312,107.78052520751953,25003.0,600.0083618164062,,661.3607177734375,,,85.79781341552734,73.44999694824219,26.42743682861328,112.703125
2025-09-23,,63.40999984741211,52.276283264160156,6715.0,1.1801080703735352,1.3514974117279053,3780.60009765625,346.4599914550781,77.75012969970703,94.02033233642578,242.01795959472656,147.72500610351562,107.99321746826172,24827.25,596.02294921875,,657.7606201171875,,,86.39752960205078,75.05000305175781,26.408098220825195,112.875
2025-09-24,,64.98999786376953,52.0997428894043,6692.25,1.1814465522766113,1.3524478673934937,3732.10009765625,343.32000732421875,77.64488983154297,93.76763916015625,239.79470825195312,147.61300659179688,107.55819702148438,24739.25,593.9305419921875,,655.6678466796875,,,86.06867218017578,76.38999938964844,26.60149383544922,112.640625
2025-09-25,,64.9800033569336,51.79569625854492,6659.75,1.1744670867919922,1.3452396392822266,3736.89990234375,344.75,77.42481994628906,93.56353759765625,237.501953125,148.75100708007812,107.36483764648438,24629.25,591.3699340820312,,652.6429443359375,,,86.06867218017578,76.98999786376953,26.785219192504883,112.328125
2025-09-26,,65.72000122070312,51.69761657714844,6696.5,1.166275978088379,1.333653450012207,3775.300048828125,346.739990234375,77.5779037475586,93.51494598388672,239.53663635253906,149.86099243164062,107.50984954833984,24726.75,593.801025390625,,656.3819580078125,,,85.99127960205078,77.0199966430664,26.688520431518555,112.265625
2025-09-29,,63.45000076293945,52.16839599609375,6713.5,1.170823097229004,1.3408241271972656,3820.89990234375,352.4599914550781,77.71185302734375,93.78707885742188,239.81454467773438,149.40499877929688,107.8675537109375,24837.75,596.5509643554688,,658.2266845703125,,,86.69739532470703,74.58999633789062,26.630502700805664,112.515625
2025-09-30,,62.369998931884766,52.374366760253906,6738.75,1.1731443405151367,1.3437248468399048,3840.800048828125,355.4700012207031,77.68315887451172,93.74819946289062,240.1520233154297,148.59500122070312,107.7612075805664,24901.75,598.1849975585938,,660.7061157226562,,,86.4458999633789,73.75,26.60149383544922,112.5
2025-10-01,,61.779998779296875,52.78629684448242,6761.5,1.1735849380493164,1.3443390130996704,3867.5,356.0299987792969,77.82831573486328,94.06405639648438,240.67803955078125,147.9969940185547,108.19393920898438,25017.5,601.0545043945312,,662.95751953125,,,86.66915893554688,73.13999938964844,26.59182357788086,112.84375
2025-10-02,,60.47999954223633,53.031494140625,6766.75,1.1734058856964111,1.3480178117752075,3839.699951171875,354.7900085449219,77.79946899414062,94.16153717041016,242.19662475585938,147.08299255371094,108.36859130859375,25110.0,603.5255126953125,,663.7210693359375,,,86.92151641845703,71.54000091552734,26.630502700805664,112.921875
2025-10-03,,60.880001068115234,53.18842315673828,6764.0,1.1725116968154907,1.3446643352508545,3880.800048828125,357.6400146484375,77.71294403076172,93.976318359375,243.9930877685547,147.14999389648438,108.23275756835938,24992.0,600.9848022460938,,663.7113037109375,,,86.75650787353516,71.70999908447266,26.5821533203125,112.671875
2025-10-06,,61.689998626708984,53.43362045288086,6788.75,1.171248197555542,1.3433817625045776,3948.5,364.3800048828125,77.732177734375,93.703369140625,244.96575927734375,149.6060028076172,107.88346099853516,25184.75,605.498291015625,,666.0914916992188,,,86.06735229492188,72.87000274658203,26.707860946655273,112.390625
2025-10-07,,61.72999954223633,53.021690368652344,6761.5,1.171028733253479,1.3484903573989868,3976.60009765625,366.260009765625,77.64566040039062,93.93733215332031,242.3355712890625,150.33099365234375,108.08720397949219,25039.25,602.3099975585938,,663.6219482421875,,,86.5623779296875,73.19999694824219,26.862577438354492,112.671875
2025-10-08,,62.54999923706055,53.44343185424805,6801.25,1.1654603481292725,1.3421016931533813,4043.300048828125,372.29998779296875,77.53030395507812,93.9568099975586,244.87644958496094,152.05099487304688,107.95137786865234,25331.0,609.2147216796875,,667.5791625976562,,,86.63034057617188,73.52999877929688,26.920595169067383,112.609375
2025-10-09,,61.5099983215332,52.89418411254883,6779.25,1.1631964445114136,1.3401411771774292,3946.300048828125,365.42999267578125,77.30918884277344,93.88858032226562,243.29832458496094,152.67999267578125,107.7379150390625,25289.25,608.4774169921875,,665.6452026367188,,,86.5623779296875,72.51000213623047,27.104320526123047,112.484375
2025-10-10,,58.900001525878906,50.942405700683594,6595.25,1.156644344329834,1.3304948806762695,3975.89990234375,369.1199951171875,76.85737609863281,94.47350311279297,236.01315307617188,152.96499633789062,108.03868865966797,24397.0,587.3545532226562,,647.6542358398438,,,87.96011352539062,69.38999938964844,26.968942642211914,113.140625
2025-10-13,,59.4900016784668,52.423404693603516,6694.75,1.160240888595581,1.3336178064346313,4108.60009765625,378.0899963378906,77.33802795410156,94.52223205566406,242.5836944580078,152.05599975585938,108.40740203857422,24922.25,599.8190307617188,,657.5919189453125,,,87.91158294677734,70.27999877929688,27.065641403198242,113.15625
2025-10-14,,58.70000076293945,51.9526252746582,6686.5,1.1566845178604126,1.3332622051239014,4138.7001953125,380.7900085449219,77.42455291748047,94.76595306396484,246.04762268066406,152.4340057373047,108.76638793945312,24762.5,595.8236694335938,,656.78857421875,,,88.19306945800781,69.0,26.988283157348633,113.40625
2025-10-15,,58.27000045776367,52.80591583251953,6715.0,1.1602274179458618,1.3321610689163208,4176.89990234375,387.3900146484375,77.67450714111328,94.6587142944336,248.45947265625,151.7310028076172,108.76638793945312,24924.5,600.0282592773438,,659.7044067382812,,,87.99894714355469,68.98999786376953,26.910924911499023,113.234375
2025-10-16,,57.459999084472656,53.14918899536133,6668.75,1.1646324396133423,1.3404465913772583,4280.2001953125,396.45001220703125,77.39572143554688,95.097412109375,243.22885131835938,150.9739990234375,109.07687377929688,24831.25,597.806396484375,,655.2116088867188,,,88.65898132324219,67.80999755859375,26.80455780029297,113.75
2025-10-17,,57.540000915527344,53.139381408691406,6702.5,1.1699601411819458,1.3445558547973633,4189.89990234375,388.989990234375,77.59760284423828,94.94142150878906,241.5911865234375,150.1199951171875,108.86341857910156,24986.5,601.7320556640625,,658.9308471679688,,,88.5230941772461,67.9800033569336,26.833566665649414,113.46875
2025-10-20,,57.52000045776367,53.865169525146484,6773.75,1.165745735168457,1.342588186264038,4336.39990234375,403.1499938964844,77.75138854980469,95.06815338134766,246.3056640625,150.89999389648438,109.19330596923828,25305.25,609.3142700195312,,665.7840576171875,,,88.86282348632812,67.83000183105469,26.901254653930664,113.59375
2025-10-21,,57.81999969482422,53.26689147949219,6773.25,1.164442539215088,1.3405184745788574,4087.699951171875,377.239990234375,77.63603973388672,95.2436294555664,245.14443969726562,150.7740020751953,109.21270751953125,25294.75,609.1549682617188,,665.7741088867188,,,89.29961395263672,68.2699966430664,27.00762367248535,113.75
2025-10-22,,58.5,53.21784591674805,6737.0,1.160038948059082,1.336523175239563,4044.39990234375,377.2799987792969,77.55913543701172,95.26313018798828,241.52169799804688,151.89300537109375,109.31945037841797,25039.25,603.286376953125,,662.3128051757812,,,89.35784149169922,70.62999725341797,26.978612899780273,113.796875
2025-10-23,,61.790000915527344,53.688629150390625,6775.0,1.1608469486236572,1.3351848125457764,4125.5,378.7900085449219,77.732177734375,94.951171875,244.5786895751953,151.95399475097656,109.1836166381836,25254.0,608.35791015625,,666.2402954101562,,,88.74634552001953,73.29000091552734,26.988283157348633,113.484375
2025-10-24,,61.5,54.04171371459961,6827.0,1.1618045568466187,1.332746982574463,4118.39990234375,377.5199890136719,77.94366455078125,95.03890228271484,247.56617736816406,152.6020050048828,109.36795043945312,25509.25,614.8541259765625,,671.6851806640625,,,88.78516387939453,73.18000030517578,26.988283157348633,113.4375
2025-10-27,,61.310001373291016,54.63999938964844,6908.25,1.1631693840026855,1.3322391510009766,4001.89990234375,367.010009765625,78.13594055175781,95.03890228271484,248.4296875,153.06100463867188,109.55231475830078,25963.75,625.80419921875,,679.6095581054688,,,89.08607482910156,73.12000274658203,26.959272384643555,113.421875
2025-10-28,,60.150001525878906,54.62038040161133,6925.75,1.165175199508667,1.3341000080108643,3966.199951171875,364.3800048828125,78.05902099609375,95.12666320800781,247.09970092773438,152.69200134277344,109.56199645996094,26163.5,630.6165161132812,,681.41455078125,,,89.31903076171875,71.38999938964844,26.9399356842041,113.46875
2025-10-29,,60.47999954223633,54.934234619140625,6922.75,1.1657865047454834,1.3279330730438232,3983.699951171875,363.0,77.8187026977539,94.51248168945312,244.9955291748047,151.7310028076172,108.94103240966797,26262.5,633.4562377929688,,681.7418823242188,,,88.41631317138672,71.80000305175781,27.094650268554688,112.90625
2025-10-30,,60.56999969482422,54.36537551879883,6855.5,1.1603351831436157,1.3195397853851318,4001.300048828125,370.1300048828125,77.67450714111328,94.37600708007812,243.02041625976562,152.7220001220703,108.35887908935547,25882.75,623.7716064453125,,674.2440185546875,,,87.90188598632812,71.70999908447266,27.201017379760742,112.703125
2025-10-31,,60.97999954223633,54.23787307739258,6874.0,1.157246708869934,1.3159106969833374,3982.199951171875,368.1199951171875,77.67450714111328,94.41499328613281,244.3900909423828,153.89999389648438,107.92227172851562,26004.0,626.7805786132812,,676.4556274414062,,,87.63980102539062,72.55999755859375,27.27837562561035,112.671875
2025-11-03,,61.04999923706055,54.581153869628906,6882.75,1.1528042554855347,1.3134735822677612,4000.300048828125,368.7799987792969,77.43293762207031,94.37002563476562,243.60601806640625,154.19500732421875,107.632080078125,26103.25,629.779541015625,,677.72509765625,,,87.42061614990234,72.73999786376953,27.297714233398438,112.671875
2025-11-04,,60.560001373291016,53.58074188232422,6801.75,1.1519144773483276,1.3135254383087158,3947.699951171875,362.32000732421875,77.44261932373047,94.48737335205078,239.39768981933594,154.20399475097656,107.77814483642578,25575.25,616.996337890625,,669.691650390625,,,87.61544799804688,71.93000030517578,27.384742736816406,112.78125
2025-11-05,,59.599998474121094,54.06132888793945,6825.25,1.1485539674758911,1.3021697998046875,3980.300048828125,366.510009765625,77.51991271972656,94.03752899169922,242.8516845703125,153.5570068359375,107.45680236816406,25746.25,621.01171875,,672.012451171875,,,86.66077423095703,71.02999877929688,27.394412994384766,112.328125
2025-11-06,,59.43000030517578,53.659202575683594,6747.5,1.1496764421463013,1.3052598237991333,3979.89990234375,366.07000732421875,77.54889678955078,94.51671600341797,238.55404663085938,154.072998046875,108.02159118652344,25244.25,609.4439086914062,,664.8021850585938,,,87.44010925292969,70.87999725341797,27.249366760253906,112.828125
2025-11-07,,59.75,53.50227737426758,6753.75,1.1549211740493774,1.3140950202941895,3999.39990234375,368.30999755859375,77.61652374267578,94.55582427978516,239.80462646484375,152.947998046875,107.80735778808594,25166.25,607.5208740234375,,665.4567260742188,,,87.25501251220703,71.26000213623047,27.230026245117188,112.859375
2025-11-10,,60.130001068115234,54.4438362121582,6856.75,1.1543878316879272,1.3142677545547485,4111.7998046875,378.3800048828125,77.87740325927734,94.4286880493164,242.20652770996094,153.81700134277344,107.86578369140625,25714.5,620.9617919921875,,675.8406982421875,,,87.23552703857422,71.68000030517578,27.249366760253906,112.6875
2025-11-11,,61.040000915527344,54.502685546875,6871.5,1.1557220220565796,1.3172974586486816,4106.7998046875,379.8699951171875,77.96437072753906,94.72207641601562,242.4149932861328,154.14599609375,108.29425048828125,25640.75,619.307861328125,,677.387939453125,,,87.63493347167969,72.72000122070312,27.2106876373291,113.03125
2025-11-12,,58.4900016784668,54.51249313354492,6875.75,1.1587486267089844,1.3152875900268555,4204.39990234375,385.989990234375,77.80976867675781,94.74163055419922,241.81944274902344,154.0749969482422,108.1871337890625,25623.75,618.8196411132812,,677.7648315429688,,,87.79080200195312,69.79000091552734,27.220355987548828,113.0
2025-11-13,,58.689998626708984,53.87498092651367,6760.0,1.159218668937683,1.3127838373184204,4186.89990234375,382.8699951171875,77.49092102050781,94.46781158447266,235.0206298828125,154.71299743652344,107.65155029296875,25094.75,606.1858520507812,,666.5180053710938,,,87.0699234008789,69.8499984741211,27.14299964904785,112.765625
2025-11-14,,60.09000015258789,53.90440368652344,6755.25,1.1631964445114136,1.3152183294296265,4087.60009765625,375.9599914550781,77.51024627685547,94.31134796142578,235.70547485351562,154.63299560546875,107.35942840576172,25094.0,606.6441040039062,,666.4088134765625,,,86.57311248779297,71.37999725341797,27.181678771972656,112.53125
2025-11-17,,59.90999984741211,53.26689147949219,6692.0,1.1615345478057861,1.3160146474838257,4068.300048828125,371.6499938964844,77.38462829589844,94.41891479492188,231.020751953125,154.5850067138672,107.42758178710938,24879.0,601.4630126953125,,660.2003173828125,,,86.78741455078125,71.30000305175781,27.249366760253906,112.640625
2025-11-18,,60.7400016784668,53.002071380615234,6639.75,1.159057378768921,1.3156163692474365,4061.300048828125,374.3500061035156,77.4039535522461,94.57538604736328,231.72544860839844,155.2729949951172,107.47627258300781,24595.75,594.1398315429688,,654.65625,,,86.75819396972656,72.5,27.27837562561035,112.78125
2025-11-19,,59.439998626708984,52.81571960449219,6661.5,1.1581177711486816,1.3147515058517456,4077.699951171875,374.9599914550781,77.44261932373047,94.50692749023438,231.6857452392578,155.54800415039062,107.48600769042969,24721.75,597.6868286132812,,657.185302734375,,,86.58284759521484,70.87999725341797,27.452430725097656,112.6875
2025-11-20,,59.13999938964844,52.089935302734375,6557.5,1.154068112373352,1.3061821460723877,4056.5,374.8500061035156,77.39429473876953,94.73185729980469,227.3980255126953,156.99200439453125,107.632080078125,24131.5,583.5385131835938,,647.1683349609375,,,86.9238052368164,70.1500015258789,27.471771240234375,112.875
2025-11-21,,58.060001373291016,52.08012771606445,6620.25,1.1534557342529297,1.308489441871643,4076.699951171875,374.2699890136719,77.6551742553711,95.04479217529297,233.83953857421875,157.36900329589844,108.01184844970703,24305.5,587.9224853515625,,653.6148681640625,,,87.18682098388672,69.30000305175781,27.452430725097656,113.25
2025-11-24,,58.84000015258789,52.629371643066406,6721.25,1.1507612466812134,1.3096375465393066,4091.89990234375,380.20001220703125,77.86774444580078,95.19147491455078,238.10739135742188,156.68800354003906,108.44031524658203,24948.25,602.9575805664062,,663.2351684570312,,,87.68364715576172,70.41999816894531,27.452430725097656,113.375
2025-11-25,,57.95000076293945,52.81571960449219,6781.5,1.1520073413848877,1.3106160163879395,4139.2001953125,380.0799865722656,78.1382827758789,95.43595123291016,243.29832458496094,156.93899536132812,108.74217987060547,25085.5,606.6740112304688,,669.4735717773438,,,87.90769958496094,69.25,27.375072479248047,113.640625
2025-11-26,,58.650001525878906,53.19823455810547,6828.0,1.156483769416809,1.315870761871338,4165.2001953125,383.1199951171875,78.215576171875,95.51419067382812,245.4521026611328,156.22999572753906,109.11222839355469,25302.25,612.034423828125,,674.09521484375,,,88.29735565185547,70.04000091552734,27.297714233398438,113.625
2025-11-27,,,,,1.1602139472961426,1.3244997262954712,,,,,,156.23899841308594,,,,,,,,,,,
2025-11-28,,58.54999923706055,53.276695251464844,6859.5,1.1599851846694946,1.3241175413131714,4218.2998046875,387.8800048828125,78.25422668457031,95.34795379638672,246.8912811279297,156.28399658203125,108.92721557617188,25482.0,616.996337890625,,677.7747192382812,,,87.87847137451172,71.06999969482422,27.27837562561035,113.421875
2025-12-01,,59.31999969482422,53.237464904785156,6826.75,1.1601465940475464,1.3239772319793701,4239.2998046875,389.75,78.11347961425781,94.83595275878906,243.78466796875,155.92799377441406,108.34370422363281,25391.25,614.923828125,,674.6803588867188,,,86.78449249267578,71.05999755859375,27.268707275390625,112.9375
2025-12-02,,58.63999938964844,53.257080078125,6840.25,1.1607661247253418,1.3209341764450073,4186.60009765625,387.239990234375,78.25907897949219,94.91442108154297,243.33802795410156,155.5570068359375,108.41211700439453,25606.0,619.736328125,,675.9299926757812,,,86.82359313964844,70.19999694824219,27.259037017822266,113.0
2025-12-03,,58.95000076293945,53.29631423950195,6862.0,1.1627906560897827,1.3219469785690308,4199.2998046875,386.8800048828125,78.3270263671875,95.110595703125,247.7646942138672,155.8070068359375,108.65646362304688,25657.5,621.2507934570312,,678.2706298828125,,,87.06800842285156,70.66000366210938,27.123659133911133,113.21875
2025-12-04,,59.66999816894531,53.28650665283203,6866.75,1.1666841506958008,1.3348817825317383,4211.7998046875,387.1300048828125,78.38528442382812,94.81633758544922,249.93832397460938,155.10699462890625,108.46099853515625,25622.75,620.6729125976562,,678.7664794921875,,,86.59874725341797,71.38999938964844,27.181678771972656,112.84375
2025-12-05,,60.08000183105469,53.688629150390625,6878.25,1.1642799377441406,1.3321788311004639,4212.89990234375,386.44000244140625,78.38528442382812,94.62017059326172,248.89617919921875,155.14199829101562,108.35348510742188,25732.0,623.20361328125,,680.0557861328125,,,86.19791412353516,71.91999816894531,27.152667999267578,112.640625
2025-12-08,,58.880001068115234,53.57093048095703,6855.75,1.164022445678711,1.3324593305587769,4187.2001953125,385.4200134277344,78.19113159179688,94.42399597167969,248.99542236328125,155.33999633789062,108.12866973876953,25664.0,622.008056640625,,678.0126953125,,,85.9144058227539,70.48999786376953,27.191349029541016,112.390625
2025-12-09,,58.25,53.482662200927734,6848.25,1.1641442775726318,1.3326793909072876,4206.7001953125,387.3999938964844,78.10377502441406,94.28668975830078,249.51153564453125,155.843994140625,107.9918441772461,25699.75,622.7752075195312,,677.4276123046875,,,86.00238800048828,69.86000061035156,27.230026245117188,112.234375
2025-12-10,,58.459999084472656,54.0809440612793,6891.75,1.1628313064575195,1.3303532600402832,4196.39990234375,389.04998779296875,78.36585998535156,94.59075164794922,252.90597534179688,156.83799743652344,108.49031066894531,25798.0,625.3258666992188,,681.92041015625,,,86.33477783203125,70.54000091552734,27.084980010986328,112.359375
2025-12-11,,57.599998474121094,53.8259391784668,6907.25,1.1701242923736572,1.3388315439224243,4285.5,393.239990234375,78.35616302490234,94.60055541992188,255.87364196777344,155.7899932861328,108.33392333984375,25713.5,623.3032836914062,,683.5072021484375,,,86.21747589111328,69.25,26.988283157348633,112.609375
2025-12-12,,57.439998626708984,53.19823455810547,6830.75,1.1739431619644165,1.339046597480774,4300.10009765625,395.44000244140625,78.2105484008789,94.34554290771484,251.95315551757812,155.56700134277344,107.6790771484375,25213.5,611.3867797851562,,676.1581420898438,,,85.386474609375,68.80999755859375,27.026962280273438,112.34375
2025-12-15,,56.81999969482422,53.04130554199219,6823.0,1.1737639904022217,1.3367732763290405,4306.7001953125,395.79998779296875,78.24938201904297,94.42399597167969,250.04750061035156,155.88800048828125,107.80614471435547,25093.25,608.3179931640625,,675.1365966796875,,,85.44514465332031,67.88999938964844,27.00762367248535,112.453125
2025-12-16,,55.27000045776367,52.70604705810547,6801.0,1.1754610538482666,1.3380612134933472,4304.5,395.8900146484375,78.29792022705078,94.68883514404297,248.8644256591797,155.01499938964844,108.05049133300781,25139.0,609.5236206054688,,673.2918701171875,,,85.9144058227539,66.16999816894531,26.978612899780273,112.6875
2025-12-17,,55.939998626708984,52.32801055908203,6726.5,1.1749500036239624,1.342499852180481,4347.5,399.2900085449219,78.20084381103516,94.66921997070312,246.2154541015625,154.7779998779297,107.93319702148438,24668.75,598.2247924804688,,665.8832397460938,,,85.8362045288086,67.9800033569336,27.036630630493164,112.671875
2025-12-18,,56.150001525878906,52.92491149902344,6778.25,1.1742326021194458,1.3374598026275635,4339.5,398.57000732421875,78.41439819335938,94.91442108154297,247.6793670654297,155.4949951171875,108.34370422363281,25028.25,606.8931884765625,,670.9115600585938,,,86.24679565429688,67.19000244140625,27.055971145629883,112.9375
2025-12-19,,56.65999984741211,53.442222595214844,6796.5400390625,1.1725666522979736,1.3385393619537354,4361.39990234375,399.0199890136719,78.3763656616211,94.70088195800781,249.750732421875,155.58599853515625,108.06502532958984,25132.7890625,614.8042602539062,,676.9923095703125,,,85.92488861083984,68.02999877929688,27.14299964904785,112.703125
2025-12-22,,58.0099983215332,53.73072052001953,6930.25,1.1708093881607056,1.3377031087875366,4444.60009765625,408.2300109863281,78.44463348388672,94.60248565673828,252.52919006347656,157.67599487304688,108.04541015625,25692.25,617.7513427734375,,681.2098999023438,,,85.73841857910156,69.7300033569336,27.030000686645508,112.34375
2025-12-23,,58.380001068115234,54.029170989990234,6961.0,1.1765950918197632,1.3469899892807007,4482.7998046875,413.6400146484375,78.50315856933594,94.56311798095703,251.035400390625,156.8769989013672,108.1533432006836,25812.25,620.6444702148438,,684.3233032226562,,,85.87581634521484,70.30000305175781,26.940000534057617,112.296875
2025-12-24,,58.349998474121094,54.13859939575195,6982.5,1.179551362991333,1.3513604402542114,4480.60009765625,411.92999267578125,78.64945983886719,94.80913543701172,251.6627960205078,156.17599487304688,108.57528686523438,25880.5,622.460205078125,,686.7305297851562,,,86.3959732055664,70.19999694824219,26.950000762939453,112.515625
2025-12-26,,56.7400016784668,54.51663589477539,6979.25,1.1785364151000977,1.3508949279785156,4529.10009765625,416.739990234375,78.61043548583984,94.89769744873047,250.37814331054688,156.08999633789062,108.56547546386719,25863.25,622.4203491210938,,686.660888671875,,,86.11136627197266,68.4800033569336,26.969999313354492,112.578125
2025-12-29,,58.08000183105469,54.37736129760742,6955.0,1.1772738695144653,1.349727988243103,4325.10009765625,398.6000061035156,78.63968658447266,95.03545379638672,248.8445281982422,156.46299743652344,108.712646484375,25739.75,619.4074096679688,,684.2138671875,,,86.43523406982422,69.61000061035156,26.979999542236328,112.71875
2025-12-30,,57.95000076293945,54.596221923828125,6944.25,1.1772878170013428,1.3510993719100952,4370.10009765625,398.8900146484375,78.71772766113281,94.93705749511719,247.00218200683594,156.01300048828125,108.58509063720703,25675.25,617.9707641601562,,683.3783569335938,,,86.22913360595703,69.73999786376953,27.049999237060547,112.640625
2025-12-31,,57.41999816894531,54.427101135253906,6892.5,1.1747292280197144,1.346719741821289,4325.60009765625,396.30999755859375,78.63968658447266,94.62217712402344,245.1399383544922,156.41299438476562,108.12390899658203,25456.75,612.8628540039062,,678.3152465820312,,,85.5421371459961,69.16000366210938,27.030000686645508,112.4375
2026-01-02,,57.31999969482422,55.94919204711914,6900.5,1.175046682357788,1.347363829612732,4314.39990234375,398.2799987792969,78.67870330810547,94.54344940185547,247.7490692138672,156.7310028076172,108.09447479248047,25385.25,611.6756591796875,,679.55859375,,,85.41454315185547,68.95999908447266,27.110000610351562,112.203125
2026-01-05,,58.31999969482422,56.565982818603516,6943.75,1.1704667806625366,1.3437970876693726,4436.89990234375,408.760009765625,78.8835220336914,94.82880401611328,251.68270874023438,156.98899841308594,108.3986587524414,25577.75,616.5341796875,,684.0845336914062,,,85.83655548095703,70.22000122070312,27.06999969482422,112.421875
2026-01-06,,57.130001068115234,56.98381042480469,6987.75,1.1714951992034912,1.3533997535705566,4482.2001953125,413.17999267578125,78.90303802490234,94.75994110107422,255.01881408691406,156.62600708007812,108.3986587524414,25822.0,621.951416015625,,688.1529541015625,,,85.659912109375,68.51000213623047,27.15999984741211,112.328125
2026-01-07,,55.9900016784668,56.556034088134766,6963.25,1.1688251495361328,1.3500559329986572,4449.2998046875,409.2300109863281,78.8835220336914,94.93705749511719,254.4213104248047,156.67999267578125,108.47715759277344,25838.75,622.550048828125,,685.9347534179688,,,86.16043853759766,67.79000091552734,27.200000762939453,112.578125
2026-01-08,,57.7599983215332,56.575931549072266,6962.0,1.1676785945892334,1.3459312915802002,4449.7001953125,411.489990234375,78.94204711914062,94.65168762207031,257.1997375488281,156.7310028076172,108.17295837402344,25687.5,619.0083618164062,,685.8651123046875,,,85.72859954833984,70.54000091552734,27.270000457763672,112.25
2026-01-09,,59.119998931884766,56.84453582763672,7005.0,1.1657865047454834,1.3438005447387695,4490.2998046875,414.4700012207031,79.00056457519531,94.75994110107422,259.1516418457031,156.8800048828125,108.56547546386719,25938.25,625.173828125,,690.4010009765625,,,86.29784393310547,70.77999877929688,27.329999923706055,112.21875
2026-01-12,,59.5,57.64039611816406,7016.5,1.1623716354370117,1.3394231796264648,4604.2998046875,422.2300109863281,79.03958129882812,94.641845703125,260.4163513183594,158.1490020751953,108.43790435791016,25956.75,625.6925659179688,,691.4852294921875,,,86.04266357421875,71.6500015258789,27.280000686645508,112.140625
2026-01-13,,61.150001525878906,57.21261978149414,7001.75,1.1666978597640991,1.3465656042099,4589.2001953125,421.6300048828125,79.03958129882812,94.75994110107422,260.2669982910156,157.98599243164062,108.67340850830078,25906.0,624.7647705078125,,690.1026000976562,,,86.18988037109375,73.4800033569336,27.350000381469727,112.265625
2026-01-14,,62.02000045776367,57.45138168334961,6966.25,1.164252758026123,1.3426783084869385,4626.2998046875,425.94000244140625,79.03958129882812,94.95673370361328,262.099365234375,159.1790008544922,108.94815826416016,25631.0,618.0905151367188,,686.7106323242188,,,86.69041442871094,72.61000061035156,27.329999923706055,112.46875
2026-01-15,,59.189998626708984,57.78962326049805,6981.75,1.1646324396133423,1.344266653060913,4616.2998046875,423.3299865722656,79.03958129882812,94.75994110107422,264.4097595214844,158.40199279785156,108.81078338623047,25705.75,620.3153076171875,,688.5806884765625,,,86.6707763671875,71.12999725341797,27.43000030517578,112.21875
2026-01-16,,59.439998626708984,57.57075881958008,6976.75,1.1609008312225342,1.3381328582763672,4588.39990234375,421.2900085449219,79.08834075927734,94.3958511352539,264.6587219238281,158.5959930419922,108.49678039550781,25689.0,619.7965087890625,,688.0037231445312,,,86.17025756835938,71.6500015258789,27.43000030517578,111.75
2026-01-19,,,,,1.162493348121643,1.3404287099838257,,,,,,157.53500366210938,,,,,,,,,,,
2026-01-20,,60.34000015258789,57.01365661621094,6829.5,1.1639139652252197,1.3418315649032593,4759.60009765625,437.2300109863281,78.8835220336914,94.02192687988281,261.49188232421875,158.177001953125,107.83934783935547,25129.25,606.6276245117188,,673.9981689453125,,,85.04159545898438,71.86000061035156,27.209999084472656,111.421875
2026-01-21,,60.619998931884766,57.958744049072266,6910.0,1.1727865934371948,1.344085931777954,4831.7998046875,443.6000061035156,79.11760711669922,94.26792907714844,266.6802978515625,158.16200256347656,108.4869613647461,25471.0,614.8282470703125,,681.77685546875,,,85.68934631347656,73.33999633789062,27.270000457763672,111.65625
2026-01-22,,59.36000061035156,58.39646911621094,6945.0,1.1672970056533813,1.3419395685195923,4908.7998046875,451.7900085449219,79.17611694335938,94.2580795288086,268.6720275878906,158.45599365234375,108.69303131103516,25658.25,619.2976684570312,,685.3379516601562,,,86.06230163574219,71.81999969482422,27.149999618530273,111.59375
2026-01-23,,61.06999969482422,58.764556884765625,6945.75,1.1754610538482666,1.3501288890838623,4976.2001953125,458.0,79.1371078491211,94.41551971435547,263.712646484375,158.50100708007812,108.76171112060547,25738.25,621.2530517578125,,685.5865478515625,,,86.29784393310547,73.94999694824219,26.90999984741211,111.671875
2026-01-26,,60.630001068115234,58.864036560058594,6981.25,1.1858457326889038,1.3662508726119995,5079.7001953125,464.70001220703125,79.17611694335938,94.55328369140625,262.8861083984375,155.16600036621094,108.85002899169922,25848.5,623.9866333007812,,689.0680541992188,,,86.71002960205078,73.4800033569336,26.780000686645508,111.828125
2026-01-27,,62.38999938964844,60.02798843383789,7008.5,1.1876484155654907,1.3677457571029663,5079.89990234375,476.1000061035156,79.16636657714844,94.4450454711914,263.63299560546875,154.33599853515625,108.7322769165039,26073.0,629.6432495117188,,691.8134765625,,,86.17025756835938,75.66000366210938,26.469999313354492,111.796875
2026-01-28,,63.209999084472656,60.43586730957031,7007.25,1.2017642259597778,1.3824374675750732,5301.60009765625,494.55999755859375,79.03958129882812,94.36632537841797,262.2088928222656,152.4530029296875,108.57528686523438,26156.25,631.728271484375,,691.7438354492188,,,85.97396087646484,76.62000274658203,26.6299991607666,111.640625
2026-01-29,,65.41999816894531,60.127471923828125,6992.75,1.1977769136428833,1.382533073425293,5318.39990234375,495.8999938964844,79.02981567382812,94.46472930908203,262.27862548828125,153.0959930419922,108.60470581054688,25999.25,627.9472045898438,,690.3711547851562,,,85.99358367919922,79.13999938964844,26.59000015258789,111.859375
2026-01-30,,65.20999908447266,58.79439926147461,6965.75,1.19657301902771,1.380643367767334,4713.89990234375,444.95001220703125,79.11760711669922,94.40567779541016,258.57403564453125,153.16200256347656,108.49678039550781,25670.0,620.405029296875,,688.3120727539062,,,85.51268005371094,79.5199966430664,26.850000381469727,111.828125
2026-02-02,,62.13999938964844,58.97346878051758,7002.5,1.1849182844161987,1.3679141998291016,4622.5,427.1300048828125,79.16563415527344,94.2200927734375,261.0935363769531,155.20199584960938,108.39631652832031,25850.0,624.6650390625,,691.7339477539062,,,85.26835632324219,75.33000183105469,26.989999771118164,111.59375
2026-02-03,,63.209999084472656,59.291812896728516,6941.75,1.1798714399337769,1.367315649986267,4903.7001953125,454.2900085449219,79.11662292480469,94.3089370727539,261.6910705566406,155.4429931640625,108.44556427001953,25452.0,615.0676879882812,,685.885009765625,,,85.47525024414062,77.47000122070312,26.920000076293945,111.59375
2026-02-04,,65.13999938964844,58.49595260620117,6906.25,1.1816140413284302,1.3697504997253418,4920.39990234375,453.9700012207031,79.01861572265625,94.2892074584961,259.4404296875,155.7989959716797,108.30767059326172,24999.25,604.322998046875,,682.5626831054688,,,85.25851440429688,77.87999725341797,27.010000228881836,111.609375
2026-02-05,,63.290000915527344,58.22734832763672,6820.75,1.180163860321045,1.3644611835479736,4861.39990234375,441.8800048828125,78.9303970336914,94.842041015625,254.76986694335938,156.91700744628906,108.82966613769531,24651.0,595.6235961914062,,674.0379638671875,,,86.18458557128906,76.69000244140625,27.09000015258789,112.125
2026-02-06,,63.54999923706055,59.75938415527344,6952.75,1.177786946296692,1.3520822525024414,4951.2001953125,455.4599914550781,79.20482635498047,94.842041015625,263.9217834472656,156.78399658203125,108.88875579833984,25163.25,608.2138671875,,686.96923828125,,,86.24369812011719,76.98999786376953,27.010000228881836,112.109375
2026-02-09,,64.36000061035156,60.19710922241211,6983.25,1.182578206062317,1.3608959913253784,5050.89990234375,467.0299987792969,79.31265258789062,94.86177825927734,265.7740783691406,157.24400329589844,108.88875579833984,25354.0,612.8728637695312,,690.2816772460938,,,86.22399139404297,78.0199966430664,26.790000915527344,112.1875
2026-02-10,,63.959999084472656,60.286643981933594,6961.5,1.1904053688049316,1.368344783782959,5003.7998046875,462.3999938964844,79.2342300415039,95.27641296386719,265.0570373535156,156.1320037841797,109.14483642578125,25218.25,610.029541015625,,688.4613037109375,,,87.21903991699219,78.02999877929688,26.799999237060547,112.515625
2026-02-11,,64.62999725341797,61.24168014526367,6960.5,1.1889617443084717,1.3634566068649292,5071.60009765625,467.6300048828125,79.22444915771484,95.00985717773438,263.8520812988281,154.48199462890625,109.0266342163086,25288.5,611.6657104492188,,688.3021850585938,,,86.75599670410156,78.88999938964844,26.829999923706055,112.28125
2026-02-12,,62.84000015258789,60.5452995300293,6851.0,1.1876062154769897,1.362399697303772,4923.7001953125,451.3900146484375,79.18522644042969,95.59232330322266,258.4645080566406,153.2689971923828,109.53878784179688,24768.0,599.22509765625,,677.668701171875,,,87.9086685180664,76.37999725341797,26.81999969482422,112.796875
2026-02-13,,62.88999938964844,60.803955078125,6850.5,1.1868449449539185,1.3620266914367676,5022.0,462.6199951171875,79.24403381347656,95.96746826171875,261.8703308105469,152.8209991455078,109.90318298339844,24803.25,600.5020141601562,,678.1461181640625,,,88.39141845703125,76.22000122070312,26.81999969482422,113.171875
2026-02-16,,,,,1.1867464780807495,1.3647778034210205,,,,,,152.7790069580078,,,,,,,,,,,
2026-02-17,,62.33000183105469,60.55524826049805,6860.5,1.1849884986877441,1.3627691268920898,4882.89990234375,448.20001220703125,79.20482635498047,95.95758819580078,261.95001220703125,153.60899353027344,110.01152801513672,24767.75,599.8834838867188,,679.2402954101562,,,88.53919982910156,75.7300033569336,26.90999984741211,113.125
2026-02-18,,65.19000244140625,60.873592376708984,6894.25,1.185185194015503,1.3564472198486328,4986.5,458.2799987792969,79.30284881591797,95.76014709472656,262.89605712890625,153.1490020751953,109.90318298339844,24956.0,604.3629760742188,,682.662109375,,,88.2042236328125,79.4000015258789,27.079999923706055,112.953125
2026-02-19,,66.43000030517578,60.724369049072266,6877.0,1.1788839101791382,1.349582314491272,4975.89990234375,459.55999755859375,79.3322525024414,95.8489990234375,263.5035095214844,154.6929931640625,109.99182891845703,24858.75,602.04833984375,,680.8616333007812,,,88.29289245605469,81.19000244140625,27.1200008392334,112.96875
2026-02-20,,66.38999938964844,62.01764678955078,6923.25,1.1769136190414429,1.3461124897003174,5059.2998046875,468.6199951171875,79.39105987548828,95.8489990234375,263.51348876953125,155.16000366210938,109.90318298339844,25067.5,607.3757934570312,,685.7855834960938,,,88.08600616455078,80.8499984741211,27.09000015258789,112.9375
2026-02-23,,66.30999755859375,61.331214904785156,6851.5,1.1834739446640015,1.3533265590667725,5204.7001953125,481.2799987792969,79.2636489868164,96.19453430175781,259.4105224609375,154.33900451660156,110.02137756347656,24762.75,599.9932250976562,,678.7827758789062,,,88.41111755371094,80.9000015258789,27.09000015258789,113.375
2026-02-24,,65.62999725341797,62.296199798583984,6903.75,1.1793843507766724,1.34969162940979,5155.7998046875,474.6099853515625,79.20482635498047,96.1747817993164,262.23876953125,154.63499450683594,109.99182891845703,25028.75,606.4380493164062,,683.7164916992188,,,88.56875610351562,80.76000213623047,27.110000610351562,113.296875
2026-02-25,,65.41999816894531,62.98263168334961,6959.75,1.1775233745574951,1.3497462272644043,5206.39990234375,473.4200134277344,79.31265258789062,96.0958023071289,263.48358154296875,155.8800048828125,109.9622802734375,25382.0,615.227294921875,,689.4859008789062,,,88.57861328125,79.7300033569336,27.079999923706055,113.171875
2026-02-26,,65.20999908447266,62.38573455810547,6920.0,1.181516408920288,1.3558034896850586,5176.5,477.4800109863281,79.24403381347656,96.35248565673828,264.88775634765625,156.1999969482422,110.0312271118164,25081.0,607.8048095703125,,685.6561889648438,,,88.93326568603516,79.7699966430664,27.100000381469727,113.421875
2026-02-27,,67.0199966430664,62.25640869140625,6889.0,1.1803030967712402,1.3491452932357788,5230.5,483.75,79.11662292480469,96.73749542236328,260.3267517089844,155.85899353027344,109.99182891845703,25004.75,605.8594360351562,,682.3637084960938,,,89.47512817382812,81.94999694824219,27.079999923706055,113.859375
2026-03-02,,71.2300033569336,61.18199157714844,6888.25,1.1759449243545532,1.3406623601913452,5294.39990234375,490.0,79.07131958007812,96.15631866455078,262.716796875,156.63299560546875,109.61924743652344,25025.25,606.6575317382812,,682.751708984375,,,88.57661437988281,87.19000244140625,27.329999923706055,113.15625
2026-03-03,,74.55999755859375,58.117916107177734,6824.75,1.1697274446487427,1.3410578966140747,5107.39990234375,468.1400146484375,78.91372680664062,96.04740905761719,258.16571044921875,157.2570037841797,109.56983947753906,24755.75,600.162841796875,,676.7337036132812,,,88.39868927001953,90.19999694824219,27.459999084472656,113.109375
2026-03-04,,74.66000366210938,58.744659423828125,6876.0,1.161224365234375,1.3353630304336548,5120.2001953125,471.79998779296875,79.18951416015625,95.84939575195312,260.67529296875,157.7729949951172,109.66865539550781,25128.25,609.3112182617188,,681.5082397460938,,,88.12191772460938,91.55999755859375,27.40999984741211,112.90625
2026-03-05,,81.01000213623047,57.33200454711914,6835.25,1.1635618209838867,1.3369520902633667,5065.2998046875,466.1300048828125,78.87432861328125,95.55237579345703,255.69601440429688,156.98300170898438,109.23382568359375,25049.5,607.4755859375,,677.70849609375,,,87.76606750488281,96.30999755859375,27.479999542236328,112.421875
2026-03-06,,90.9000015258789,57.02360534667969,6743.75,1.1608065366744995,1.3357375860214233,5146.10009765625,473.510009765625,78.49020385742188,95.49296569824219,249.850341796875,157.53399658203125,108.86817169189453,24670.25,598.337158203125,,668.82568359375,,,87.43987274169922,108.7699966430664,27.469999313354492,112.5625
2026-03-09,,94.7699966430664,58.147762298583984,6801.0,1.152325987815857,1.3301055431365967,5091.5,472.5299987792969,78.96296691894531,95.78998565673828,252.5690155029297,158.427001953125,109.52041625976562,24991.0,606.3283081054688,,674.6845703125,,,88.20099639892578,104.33000183105469,27.459999084472656,112.484375
2026-03-10,,83.44999694824219,58.37657165527344,6787.25,1.1617234945297241,1.3424980640411377,5229.7001953125,477.8599853515625,78.83493041992188,95.48306274414062,252.31008911132812,157.84800720214844,108.76933288574219,24982.5,606.3383178710938,,673.6002807617188,,,87.26194763183594,105.86000061035156,27.450000762939453,112.578125
2026-03-11,,87.25,58.52579879760742,6779.5,1.1611299514770508,1.3419036865234375,5167.39990234375,476.239990234375,78.65763854980469,95.04743194580078,251.80223083496094,158.11399841308594,107.87989807128906,24983.5,606.2584228515625,,672.7548217773438,,,86.13510131835938,108.05000305175781,27.549999237060547,112.125
2026-03-12,,95.7300033569336,56.655517578125,6677.5,1.1543211936950684,1.338186502456665,5115.7998046875,466.8800048828125,78.15531921386719,94.74051666259766,246.384765625,159.0749969482422,107.29681396484375,24560.0,595.85302734375,,662.5390625,,,85.96705627441406,118.38999938964844,27.68000030517578,111.5625
2026-03-13,,98.70999908447266,56.50629425048828,6636.0,1.1521666049957275,1.335250735282898,5052.5,460.8399963378906,78.00757598876953,94.64149475097656,245.56814575195312,159.20599365234375,106.90149688720703,24394.25,592.3213500976562,,658.7890014648438,,,85.54202270507812,119.88999938964844,27.889999389648438,111.5625
2026-03-16,,93.5,58.078125,6704.75,1.1435105800628662,1.3247665166854858,4994.0,460.42999267578125,78.25381469726562,95.0672378540039,247.8885040283203,159.5679931640625,107.41539764404297,24675.75,598.9656982421875,,665.493408203125,,,86.20428466796875,115.02999877929688,27.729999542236328,112.03125
2026-03-17,,96.20999908447266,58.44620895385742,6721.75,1.1499539613723755,1.3314337730407715,5001.0,459.2699890136719,78.60839080810547,95.23554992675781,249.45677185058594,159.10499572753906,108.01824951171875,24795.5,601.8887939453125,,667.2440185546875,,,86.44151306152344,118.83999633789062,27.68000030517578,112.140625
2026-03-18,,96.31999969482422,57.262367248535156,6626.0,1.153948187828064,1.335951805114746,4889.89990234375,444.739990234375,78.2045669555664,94.79991149902344,245.43634033203125,158.88900756835938,107.43516540527344,24434.5,593.4986572265625,,657.9335327148438,,,85.95716857910156,121.66999816894531,27.850000381469727,111.6875
2026-03-19,,96.13999938964844,57.322052001953125,6609.25,1.1464471817016602,1.32650625705719,4600.7001953125,426.4100036621094,78.46065521240234,94.79000854492188,247.04251098632812,159.7949981689453,107.90953826904297,24364.0,591.623046875,,656.3121948242188,,,86.4810562133789,117.36000061035156,27.579999923706055,111.359375
2026-03-20,,98.31999969482422,55.352291107177734,6594.6298828125,1.157755732536316,1.342570185661316,4570.39990234375,413.3800048828125,77.7317886352539,93.93853759765625,241.64535522460938,157.9239959716797,106.58525085449219,24291.779296875,580.6888427734375,,646.9034423828125,,,84.84020233154297,121.43000030517578,27.68000030517578,110.796875
2026-03-23,,88.12999725341797,57.01365661621094,6634.75,1.1560158729553223,1.3331555128097534,4404.10009765625,404.0400085449219,78.24397277832031,94.23556518554688,246.86293029785156,159.23399353027344,107.28691864013672,24408.25,587.3545532226562,,653.6959228515625,,,85.39374542236328,110.55999755859375,27.559999465942383,110.921875
2026-03-24,,92.3499984741211,56.22774124145508,6606.0,1.1607122421264648,1.342426061630249,4399.2998046875,404.1300048828125,77.97802734375,93.91874694824219,248.18978881835938,158.47900390625,107.06949615478516,24213.75,583.3389282226562,,651.5015869140625,,,85.01812744140625,114.54000091552734,27.649999618530273,110.421875
2026-03-25,,90.31999969482422,57.123085021972656,6640.75,1.16146719455719,1.3416335582733154,4549.7998046875,416.2900085449219,78.22425842285156,94.41378021240234,251.2225799560547,158.71800231933594,107.45494079589844,24367.75,587.1747436523438,,655.1322021484375,,,85.83854675292969,113.38999938964844,27.700000762939453,110.890625
2026-03-26,,94.4800033569336,55.18317413330078,6525.0,1.1561496257781982,1.336362361907959,4375.5,400.6400146484375,77.7317886352539,93.65141296386719,246.85296630859375,159.38400268554688,106.61489868164062,23794.25,573.1600952148438,,643.432373046875,,,85.11697387695312,117.26000213623047,27.809999465942383,110.171875
2026-03-27,,99.63999938964844,54.91456985473633,6412.25,1.1535090208053589,1.3335645198822021,4492.0,414.70001220703125,77.53480529785156,93.66132354736328,242.5232696533203,159.70399475097656,106.35795593261719,23328.5,561.9624633789062,,632.4606323242188,,,84.65238952636719,124.19999694824219,27.84000015258789,110.15625
2026-03-30,,102.87999725341797,54.466896057128906,6388.25,1.149200677871704,1.3238370418548584,4526.0,414.5799865722656,77.62344360351562,94.32466888427734,239.04153442382812,160.23399353027344,107.03985595703125,23139.75,557.6671752929688,,630.3460693359375,,,85.77924346923828,129.8300018310547,27.979999542236328,110.8125
2026-03-31,,101.37999725341797,56.49634552001953,6570.75,1.1460003852844238,1.3172800540924072,4647.60009765625,430.2900085449219,78.36215209960938,94.49298858642578,247.41163635253906,159.84100341796875,107.71187591552734,23915.0,576.54638671875,,648.6688842773438,,,85.6902847290039,127.25,27.780000686645508,111.046875
2026-04-01,,100.12000274658203,56.9340705871582,6617.75,1.1574207544326782,1.324327826499939,4783.2001953125,437.82000732421875,78.55416107177734,94.41053771972656,248.96792602539062,158.57899475097656,107.82699584960938,24194.75,583.6685791015625,,653.5562744140625,,,85.6059341430664,124.08999633789062,27.729999542236328,110.984375
2026-04-02,,111.54000091552734,56.29737854003906,6622.25,1.159057378768921,1.3302648067474365,4651.5,429.4100036621094,78.74220275878906,94.62908172607422,250.69381713867188,158.68800354003906,108.28346252441406,24218.0,584.3378295898438,,654.144775390625,,,86.13191223144531,137.9199981689453,27.860000610351562,111.015625
2026-04-03,,,,,1.1541746854782104,1.3230313062667847,,,,,,159.49099731445312,,,,,,,,,,,
2026-04-06,,112.41000366210938,56.814693450927734,6651.0,1.150999665260315,1.3186348676681519,4656.7998046875,427.6499938964844,78.88076782226562,94.3807373046875,251.76129150390625,159.77999877929688,108.11476135253906,24358.5,587.85400390625,,657.23681640625,,,85.99297332763672,138.94000244140625,27.829999923706055,110.8125
2026-04-07,,112.94999694824219,57.01365661621094,6656.75,1.1541212797164917,1.3234164714813232,4657.10009765625,431.80999755859375,78.90056610107422,94.61914825439453,252.3099822998047,159.68299865722656,108.23384857177734,24371.0,587.9439086914062,,657.5260009765625,,,85.98304748535156,138.0800018310547,27.75,110.859375
2026-04-08,,94.41000366210938,60.127471923828125,6823.75,1.1686612367630005,1.3401771783828735,4749.5,434.5299987792969,79.36573791503906,94.8277587890625,259.85205078125,158.71600341796875,108.65062713623047,25074.25,605.4246826171875,,674.27294921875,,,86.26092529296875,124.58000183105469,27.530000686645508,111.234375
2026-04-09,,97.87000274658203,59.968299865722656,6863.25,1.16593599319458,1.3394052982330322,4792.2001953125,437.9100036621094,79.4548110961914,94.79795837402344,261.3385009765625,158.64199829101562,108.65062713623047,25251.5,609.5202026367188,,678.162841796875,,,86.04258728027344,126.95999908447266,27.479999542236328,111.234375
2026-04-10,,96.56999969482422,60.24685287475586,6855.25,1.1691256761550903,1.3430029153823853,4761.89990234375,437.1300048828125,79.13809204101562,94.6390151977539,260.6800537109375,159.11199951171875,108.36284637451172,25281.25,610.3992309570312,,677.7140502929688,,,85.83418273925781,124.81999969482422,27.440000534057617,111.09375
2026-04-13,,99.08000183105469,60.754215240478516,6922.75,1.1675150394439697,1.339441180229187,4742.39990234375,435.3599853515625,79.43501281738281,94.8476333618164,264.4411315917969,159.67999267578125,108.77963256835938,25543.5,616.7122802734375,,684.3369750976562,,,86.09220886230469,128.47000122070312,27.3799991607666,111.234375
2026-04-14,,91.27999877929688,61.91816711425781,7004.75,1.176885962486267,1.3515340089797974,4825.0,445.0899963378906,79.67254638671875,95.15557861328125,268.0824890136719,159.21400451660156,109.13687133789062,25996.75,627.909912109375,,692.675537109375,,,86.54872131347656,123.8499984741211,27.31999969482422,111.53125
2026-04-15,,91.29000091552734,61.87837219238281,7060.5,1.179940938949585,1.357533574104309,4800.0,440.4599914550781,79.6329574584961,94.94696807861328,268.75091552734375,158.79200744628906,109.09717559814453,26365.5,636.7003173828125,,698.1414184570312,,,86.1716079711914,122.58999633789062,27.290000915527344,111.359375
2026-04-16,,94.69000244140625,62.127079010009766,7077.0,1.1809163093566895,1.3573696613311768,4785.39990234375,440.0799865722656,79.52408599853516,94.77809143066406,269.3095703125,158.8090057373047,108.59107971191406,26487.25,639.7669067382812,,699.8569946289062,,,85.62577819824219,125.83999633789062,27.3700008392334,111.21875
2026-04-17,,83.8499984741211,63.3109245300293,7161.5,1.1782727241516113,1.3526124954223633,4857.60009765625,445.92999267578125,79.82100677490234,95.29463958740234,275.125732421875,159.19500732421875,109.1964111328125,26825.5,648.1376953125,,708.3152465820312,,,86.4097900390625,116.04000091552734,27.360000610351562,111.71875
2026-04-20,,89.61000061035156,62.85330581665039,7148.0,1.1741223335266113,1.348435878753662,4806.60009765625,442.0899963378906,79.7517318725586,95.20523834228516,276.6920166015625,159.16099548339844,109.18648529052734,26748.75,646.0799560546875,,706.8988037109375,,,86.38993835449219,121.31999969482422,27.31999969482422,111.65625
2026-04-21,,92.12999725341797,61.9281120300293,7100.0,1.1784392595291138,1.3531250953674316,4698.39990234375,429.57000732421875,79.54388427734375,94.78801727294922,273.8587646484375,158.843994140625,108.76970672607422,26634.75,643.6226806640625,,702.2708129882812,,,85.91358184814453,128.25,27.469999313354492,111.296875
2026-04-22,,92.95999908447266,63.052268981933594,7171.25,1.174425721168518,1.3509680032730103,4732.5,435.260009765625,79.67254638671875,94.8873519897461,275.8240661621094,159.3730010986328,108.97809600830078,27083.0,654.390869140625,,709.3825073242188,,,86.08228302001953,129.39999389648438,27.479999542236328,111.28125
2026-04-23,,95.8499984741211,62.02759552001953,7143.5,1.1706037521362305,1.3500378131866455,4705.10009765625,431.0400085449219,79.54388427734375,94.73835754394531,274.8663330078125,159.48800659179688,108.68038940429688,26934.0,650.7048950195312,,706.6295776367188,,,85.89373016357422,134.72000122070312,27.530000686645508,111.046875
2026-04-24,,94.4000015258789,63.41040802001953,7194.75,1.16838800907135,1.3466380834579468,4722.2998046875,433.25,79.65275573730469,94.92709350585938,275.99365234375,159.7469940185547,108.75978088378906,27435.0,663.1512451171875,,712.10546875,,,86.05252075195312,132.39999389648438,27.479999542236328,111.21875
2026-04-27,,96.37000274658203,63.3109245300293,7206.0,1.1706448793411255,1.3515102863311768,4675.39990234375,429.8900146484375,79.68244171142578,94.70854949951172,276.4825134277344,159.5760040283203,108.45216369628906,27440.5,663.5008544921875,,713.332275390625,,,85.62577819824219,134.72000122070312,27.450000762939453,111.03125
2026-04-28,,99.93000030517578,62.66428756713867,7171.0,1.1723467111587524,1.3538211584091187,4591.5,421.9100036621094,79.57357788085938,94.61914825439453,273.2601623535156,159.35699462890625,108.50177764892578,27168.75,656.8281860351562,,709.8612060546875,,,85.71509552001953,139.60000610351562,27.530000686645508,110.859375
2026-04-29,,106.87999725341797,62.36583709716797,7168.0,1.171783447265625,1.3524478673934937,4545.2001953125,417.4100036621094,79.30635070800781,94.17212677001953,271.4344787597656,159.552001953125,107.8964614868164,27325.25,660.84375,,709.7515258789062,,,85.0501708984375,150.6300048828125,27.610000610351562,110.359375
2026-04-30,,105.06999969482422,63.65911865234375,7243.75,1.168470025062561,1.3488596677780151,4614.7001953125,423.6600036621094,79.55377960205078,94.35093688964844,277.310546875,160.1840057373047,108.0155258178711,27596.0,667.0069580078125,,716.8132934570312,,,84.97077941894531,147.08999633789062,27.360000610351562,110.59375
2026-05-01,,101.94000244140625,63.79838943481445,7258.0,1.172910451889038,1.3602666854858398,4629.89990234375,423.17999267578125,79.65227508544922,94.42269897460938,278.617431640625,156.97799682617188,108.18987274169922,27835.75,673.4099731445312,,718.7982177734375,,,85.27458953857422,142.8000030517578,27.40999984741211,110.640625
2026-05-04,,106.41999816894531,63.7685432434082,7230.25,1.1726628541946411,1.3581420183181763,4519.5,414.7099914550781,79.39360046386719,94.07386779785156,277.22076416015625,156.8459930419922,107.84119415283203,27776.0,672.141357421875,,716.1649780273438,,,84.62712860107422,147.61000061035156,27.479999542236328,110.171875
2026-05-05,,102.2699966430664,65.06182861328125,7287.25,1.1691941022872925,1.353143334388733,4555.7998046875,418.2699890136719,79.51298522949219,94.2134017944336,281.8896484375,157.19400024414062,108.23968505859375,28136.0,680.8617553710938,,721.9102172851562,,,85.09529113769531,144.1699981689453,27.5,110.34375
2026-05-06,,95.08000183105469,67.1410140991211,7389.5,1.1715774536132812,1.3568705320358276,4681.89990234375,430.9599914550781,79.75177001953125,94.68182373046875,286.11956787109375,157.677001953125,108.77764892578125,28716.75,695.0062255859375,,731.9443359375,,,85.74274444580078,133.9499969482422,27.350000381469727,110.796875
2026-05-07,,94.80999755859375,66.24566650390625,7363.0,1.1747430562973022,1.3591758012771606,4699.7998046875,431.67999267578125,79.45329284667969,94.3927993774414,281.5903625488281,156.50799560546875,108.329345703125,28682.25,694.1771240234375,,729.7001342773438,,,85.3144302368164,134.97000122070312,27.40999984741211,110.515625
2026-05-08,,95.41999816894531,67.58869171142578,7419.0,1.1731581687927246,1.3555645942687988,4720.39990234375,433.7699890136719,79.73186492919922,94.64196014404297,283.495849609375,156.82899475097656,108.78760528564453,29332.5,710.44921875,,735.724609375,,,85.74274444580078,133.58999633789062,27.34000015258789,110.75
2026-05-11,,98.06999969482422,67.53894805908203,7436.75,1.176885962486267,1.3594714403152466,4718.7001953125,434.6499938964844,79.57268524169922,94.32303619384766,284.6530456542969,156.85800170898438,108.51863098144531,29424.0,712.5069580078125,,737.4002685546875,,,85.22477722167969,138.66000366210938,27.350000381469727,110.40625
2026-05-12,,102.18000030517578,65.47965240478516,7426.5,1.177994966506958,1.360470175743103,4677.60009765625,432.92999267578125,79.46324920654297,94.00410461425781,281.8996276855469,157.2310028076172,108.1500244140625,29170.0,706.463623046875,,736.2831420898438,,,84.65701293945312,144.3000030517578,27.450000762939453,110.03125
2026-05-13,,101.0199966430664,66.86246490478516,7469.5,1.1735436916351318,1.3537001609802246,4697.7001953125,430.5,79.50304412841797,94.00410461425781,281.9993896484375,157.67100524902344,108.20980072021484,29479.25,713.9254760742188,,740.4025268554688,,,84.46776580810547,142.0399932861328,27.510000228881836,110.0
2026-05-14,,101.16999816894531,67.03158569335938,7525.5,1.1716049909591675,1.352630853652954,4678.10009765625,427.2099914550781,79.44334411621094,93.94430541992188,283.7751770019531,157.8509979248047,108.14006805419922,29687.75,718.9998168945312,,746.2474975585938,,,84.58728790283203,143.0,27.6200008392334,110.109375
2026-05-15,,105.41999816894531,64.73352813720703,7432.25,1.166208028793335,1.3391362428665161,4555.7998046875,417.2900085449219,79.05532836914062,93.19682312011719,276.94140625,158.3820037841797,107.45266723632812,29231.75,708.1517944335938,,737.2706298828125,,,83.33222961425781,148.22999572753906,27.770000457763672,109.171875
2026-05-18,,108.66000366210938,64.63404846191406,7425.75,1.161440134048462,1.330849051475525,4552.5,418.42999267578125,79.13492584228516,93.15695190429688,275.3152770996094,158.843994140625,107.25342559814453,29096.0,705.1051025390625,,736.751953125,,,83.23261260986328,149.2899932861328,27.700000762939453,109.015625
2026-05-19,,107.7699966430664,63.9277229309082,7378.0,1.1655147075653076,1.3432012796401978,4506.2998046875,411.5,78.94589233398438,92.79815673828125,272.3523254394531,158.86099243164062,106.71546173095703,28924.25,700.7599487304688,,731.8446044921875,,,82.69473266601562,152.9600067138672,27.790000915527344,108.703125
2026-05-20,,98.26000213623047,65.12151336669922,7451.75,1.1607122421264648,1.3396027088165283,4531.2998046875,417.3999938964844,79.45329284667969,93.4260482788086,279.2060241699219,159.03500366210938,107.54232788085938,29390.5,712.3671875,,739.3452758789062,,,83.58125305175781,144.27000427246094,27.729999542236328,109.40625
2026-05-21,,96.3499984741211,65.68856811523438,7466.0,1.1625338792800903,1.3433998823165894,4539.7998046875,416.989990234375,79.49309539794922,93.48584747314453,281.8197937011719,158.88800048828125,107.7614974975586,29447.25,713.7256469726562,,740.8114624023438,,,83.89002990722656,142.5399932861328,27.729999542236328,109.234375
2026-05-22,,96.5999984741211,65.53933715820312,7491.0,1.1621150970458984,1.3432555198669434,4521.0,413.82000732421875,79.50304412841797,93.5655746459961,284.4435729980469,159.01800537109375,107.96074676513672,29558.75,716.7523193359375,,743.7239990234375,,,84.34822845458984,140.9199981689453,27.770000457763672,109.25
2026-05-25,,,,,1.164225697517395,1.34816312789917,,,,,,158.9459991455078,,,,,,,,,,,
2026-05-26,,93.88999938964844,68.04631042480469,7537.0,1.1637378931045532,1.3496370315551758,4500.39990234375,414.0,79.77166748046875,93.96424102783203,289.82080078125,158.95399475097656,108.36919403076172,30073.5,729.4783935546875,,748.6613159179688,,,84.7665786743164,137.0,27.75,109.828125
2026-05-27,,88.68000030517578,68.03636169433594,7540.0,1.1636837720870972,1.345532774925232,4447.5,408.489990234375,79.72191619873047,94.00410461425781,289.6811218261719,159.2429962158203,108.51863098144531,30047.25,728.6492919921875,,748.5316162109375,,,84.96580505371094,131.02999877929688,27.75,109.90625
2026-05-28,,88.9000015258789,68.2552261352539,7581.75,1.1617909669876099,1.3416515588760376,4499.2998046875,412.7699890136719,79.8214111328125,94.2233657836914,291.3371887207031,159.5679931640625,108.84738159179688,30307.0,734.79248046875,,752.6609497070312,,,85.4040756225586,130.77999877929688,27.700000762939453,110.046875
2026-05-29,,87.36000061035156,68.24527740478516,7595.75,1.1652837991714478,1.3444474935531616,4560.5,417.1199951171875,79.9010009765625,94.33300018310547,289.740966796875,159.27000427246094,108.94700622558594,30405.25,737.49951171875,,754.5361328125,,,85.42400360107422,129.08999633789062,27.65999984741211,110.078125
2026-06-01,,92.16000366210938,69.7176284790039,7613.25,1.164890170097351,1.345152735710144,4475.2001953125,411.260009765625,79.83999633789062,94.16999816894531,288.29443359375,159.35299682617188,108.93000030517578,30566.25,741.9246826171875,,756.5908203125,,,85.47000122070312,135.5,27.760000228881836,109.859375
2026-06-02,,93.76000213623047,70.43390655517578,7623.75,1.1635483503341675,1.3460001945495605,4489.10009765625,411.95001220703125,79.9000015258789,94.23999786376953,290.9680480957031,159.63600158691406,108.91999816894531,30712.75,745.3408813476562,,757.6182250976562,,,85.6500015258789,137.27000427246094,27.760000228881836,109.953125
2026-06-03,,96.0199966430664,69.5584487915039,7571.75,1.1622096300125122,1.3454241752624512,4436.7001953125,407.8699951171875,79.68000030517578,94.0,286.9875183105469,159.96800231933594,108.62000274658203,30633.25,743.39306640625,,752.3018798828125,,,85.30999755859375,140.86000061035156,27.860000610351562,109.71875
2026-06-04,,93.04000091552734,68.74269104003906,7601.0,1.160941243171692,1.3427144289016724,4475.7998046875,411.2699890136719,79.83000183105469,94.12000274658203,291.3172302246094,159.94000244140625,108.8499984741211,30488.25,739.7969970703125,,755.1445922851562,,,85.5,136.74000549316406,27.84000015258789,109.84375
2026-06-05,,90.54000091552734,64.25601196289062,7400.5,1.1612648963928223,1.3427000045776367,4337.10009765625,396.239990234375,79.43000030517578,93.62000274658203,280.9817810058594,159.99000549316406,108.16999816894531,29026.5,704.2860107421875,,735.65478515625,,,85.05999755859375,133.02000427246094,28.020000457763672,109.34375
2026-06-08,,91.30000305175781,65.4100112915039,7416.0,1.1522595882415771,1.3335645198822021,4335.89990234375,397.2699890136719,79.54000091552734,93.5199966430664,283.4359436035156,160.32699584960938,108.05999755859375,29454.75,715.283935546875,,737.3204345703125,,,84.62000274658203,135.14999389648438,28.030000686645508,109.296875
2026-06-09,,88.19999694824219,65.47965240478516,7392.75,1.1528440713882446,1.3333333730697632,4260.0,390.7799987792969,79.62000274658203,93.77999877929688,284.3437805175781,160.1739959716797,108.41000366210938,29117.0,707.052978515625,,735.1560668945312,,,85.12000274658203,131.3000030517578,28.010000228881836,109.484375
2026-06-10,,90.02999877929688,64.32565307617188,7278.5,1.1535356044769287,1.3372201919555664,4108.2001953125,374.5799865722656,79.47000122070312,93.69000244140625,281.3808288574219,160.38400268554688,108.16000366210938,28554.0,692.9285278320312,,723.56591796875,,,84.87999725341797,134.3000030517578,28.049999237060547,109.40625
2026-06-11,,87.70999908447266,67.15096282958984,7396.0,1.1535621881484985,1.3362016677856445,4090.300048828125,386.32000732421875,79.94000244140625,94.33999633789062,289.72100830078125,160.52699279785156,109.08000183105469,29464.75,716.332763671875,,735.8642578125,,,85.9800033569336,128.8300018310547,27.950000762939453,109.9375
2026-06-12,,84.87999725341797,67.52899932861328,7435.0,1.157594919204712,1.341381549835205,4215.0,386.5400085449219,79.94000244140625,94.18000030517578,292.2550048828125,160.1300048828125,109.01000213623047,29662.0,720.5481567382812,,739.843994140625,,,85.7699966430664,125.43000030517578,27.950000762939453,109.78125
2026-06-15,,80.75,69.75,7561.25,1.1603081226348877,1.344971776008606,4328.0,396.54998779296875,80.04000091552734,94.27999877929688,294.6400146484375,159.9550018310547,108.98999786376953,30559.25,743.1832885742188,,752.890380859375,,,85.72000122070312,121.20999908447266,27.969999313354492,109.90625
2026-06-16,,76.05000305175781,68.63999938964844,7518.5,1.1594202518463135,1.341599464416504,4330.89990234375,397.6300048828125,80.02999877929688,94.5199966430664,292.0799865722656,160.22900390625,109.12000274658203,29995.0,729.0587768554688,,748.4019775390625,,,86.19000244140625,115.47000122070312,27.93000030517578,110.1875
