Date,EEM,GLD,HYG,IWM,QQQ,SPY,TLT,USO,UUP
2024-06-17,40.598388671875,214.61000061035156,68.56816101074219,196.09683227539062,479.2640380859375,532.7291259765625,86.00838470458984,77.79000091552734,26.75739288330078
2024-06-18,40.97093963623047,215.47000122070312,68.78157806396484,196.4393310546875,479.4122314453125,534.0826416015625,86.79754638671875,78.66999816894531,26.74814224243164
2024-06-20,40.90407180786133,218.16000366210938,68.73711395263672,195.60757446289062,475.7168884277344,532.6317749023438,86.21944427490234,79.41000366210938,26.859169006347656
2024-06-21,40.760780334472656,214.77999877929688,68.81715393066406,196.0479278564453,474.44232177734375,531.9176025390625,86.21944427490234,78.6500015258789,26.923933029174805
2024-06-24,40.760780334472656,215.6300048828125,68.74603271484375,196.89923095703125,469.04095458984375,530.1885986328125,86.56815338134766,79.69999694824219,26.831409454345703
2024-06-25,40.66525650024414,214.55999755859375,68.83495330810547,196.25341796875,474.40478515625,532.2303466796875,86.71495819091797,78.9000015258789,26.859169006347656
2024-06-26,40.57928466796875,212.5800018310547,68.68376159667969,195.73480224609375,475.38446044921875,532.8946533203125,85.47618865966797,78.75,26.988698959350586
2024-06-27,40.60793685913086,214.99000549316406,68.7637939453125,197.72119140625,476.6116027832031,533.734619140625,85.81568908691406,79.91999816894531,26.951688766479492
2024-06-28,40.68436050415039,215.00999450683594,68.5948486328125,198.53338623046875,474.1375427246094,531.6343383789062,84.21903991699219,79.58999633789062,26.951688766479492
2024-07-01,40.77988815307617,215.57000732421875,68.58145141601562,196.869873046875,476.91839599609375,532.728515625,82.76549530029297,81.54000091552734,26.960941314697266
2024-07-02,40.90407180786133,215.55999755859375,68.76918029785156,197.54507446289062,481.9259033203125,536.3135986328125,83.40988159179688,81.11000061035156,26.923933029174805
2024-07-03,41.505882263183594,217.99000549316406,69.01050567626953,197.4961395263672,485.9437255859375,538.7070922851562,84.50534057617188,81.2699966430664,26.81290626525879
2024-07-05,41.677825927734375,220.92999267578125,69.21611785888672,196.55674743652344,491.0105895996094,541.8134765625,85.2049331665039,81.30999755859375,26.720382690429688
2024-07-08,41.687381744384766,218.19000244140625,69.19825744628906,197.9364776611328,492.1783447265625,542.4385375976562,85.3890609741211,80.41999816894531,26.766645431518555
2024-07-09,41.85932540893555,218.55999755859375,69.11779022216797,197.07537841796875,492.6039123535156,542.966064453125,85.0116195678711,79.7699966430664,26.803653717041016
2024-07-10,42.098140716552734,219.36000061035156,69.27869415283203,199.0030517578125,497.74005126953125,548.3388671875,85.2785873413086,80.4800033569336,26.775897979736328
2024-07-11,42.34650802612305,223.25,69.52899169921875,206.15609741210938,486.8244934082031,543.61083984375,86.10706329345703,80.94000244140625,26.637115478515625
2024-07-12,42.51845169067383,223.11000061035156,69.70775604248047,208.56326293945312,489.68450927734375,547.0397338867188,86.47529602050781,80.25,26.544593811035156
2024-07-15,42.069480895996094,223.8300018310547,69.71671295166016,212.52633666992188,491.0007019042969,548.5441284179688,85.48108673095703,80.12000274658203,26.590852737426758
2024-07-16,42.30830001831055,228.2899932861328,69.98489379882812,219.77720642089844,491.1887512207031,551.7970581054688,86.6869888305664,79.05999755859375,26.590852737426758
2024-07-17,41.620513916015625,227.22999572753906,69.9044418334961,217.47763061523438,476.76995849609375,544.0602416992188,86.70539855957031,80.62000274658203,26.4705753326416
2024-07-18,41.22885513305664,225.77999877929688,69.76142120361328,213.26998901367188,474.5135498046875,539.8792114257812,86.04261779785156,79.9000015258789,26.590852737426758
2024-07-19,40.8276481628418,221.72999572753906,69.70775604248047,212.183837890625,470.3077087402344,536.2940673828125,85.53632354736328,78.0,26.664871215820312
2024-07-22,41.17154312133789,221.8000030517578,69.9670181274414,215.5597381591797,477.3142395019531,541.8232421875,85.28780364990234,77.62000274658203,26.646366119384766
2024-07-23,40.80854415893555,222.5800018310547,69.97596740722656,217.8495330810547,475.63189697265625,540.9733276367188,85.1681137084961,76.62000274658203,26.692626953125
2024-07-24,40.21628189086914,221.8000030517578,69.75247955322266,213.17214965820312,458.57080078125,528.7135620117188,84.24756622314453,76.80999755859375,26.68337631225586
2024-07-25,40.053890228271484,218.3300018310547,69.76142120361328,215.833740234375,453.5138244628906,525.9588012695312,84.93798828125,77.45999908447266,26.68337631225586
2024-07-26,40.46465301513672,220.6300048828125,69.98489379882812,219.40536499023438,458.1650695800781,531.849365234375,85.60077667236328,76.11000061035156,26.664871215820312
2024-07-29,40.33091735839844,220.32000732421875,69.92233276367188,216.9688262939453,459.0854187011719,532.1619262695312,86.06102752685547,75.19000244140625,26.738889694213867
2024-07-30,40.149417877197266,222.52000427246094,69.95806884765625,217.79078674316406,452.781494140625,529.4656982421875,86.3924331665039,74.45999908447266,26.75739288330078
2024-07-31,41.028255462646484,226.5500030517578,70.2083740234375,219.05308532714844,466.1810302734375,538.0719604492188,87.27613830566406,77.73999786376953,26.609357833862305
2024-08-01,40.31181335449219,225.77000427246094,70.05467987060547,211.9293975830078,454.8894348144531,530.4524536132812,88.02890014648438,76.29000091552734,26.701879501342773
2024-08-02,39.7386589050293,225.33999633789062,69.82106018066406,204.43389892578125,444.0926818847656,520.5762329101562,90.77198028564453,73.38999938964844,26.433565139770508
2024-08-05,38.611454010009766,222.47999572753906,69.3897705078125,197.8582000732422,430.85150146484375,505.4150695800781,91.25226593017578,73.22000122070312,26.28553009033203
2024-08-06,38.8311653137207,220.6999969482422,69.6503677368164,200.01092529296875,434.9683532714844,510.0748291015625,89.21111297607422,72.44999694824219,26.368799209594727
2024-08-07,39.06998062133789,220.5500030517578,69.7851333618164,197.6428985595703,430.2577209472656,506.6654968261719,88.58306121826172,74.69000244140625,26.424314498901367
2024-08-08,39.958370208740234,224.00999450683594,70.07268524169922,202.44747924804688,443.41973876953125,518.378173828125,88.03811645507812,75.36000061035156,26.461322784423828
2024-08-09,40.178077697753906,224.55999755859375,70.06369018554688,202.02671813964844,445.7353820800781,520.6641235351562,88.90631866455078,76.22000122070312,26.433565139770508
2024-08-12,40.31181335449219,228.41000366210938,70.10865020751953,200.2066650390625,446.69537353515625,520.937744140625,89.22957611083984,78.62999725341797,26.433565139770508
2024-08-13,40.760780334472656,228.05999755859375,70.43212127685547,203.50428771972656,457.7791442871094,529.5047607421875,89.848388671875,77.63999938964844,26.294782638549805
2024-08-14,40.54106903076172,226.1999969482422,70.55793762207031,202.2419891357422,457.9275817871094,531.17529296875,90.41178894042969,76.58999633789062,26.322540283203125
2024-08-15,40.99004364013672,226.91000366210938,70.6208267211914,207.4868927001953,469.49627685546875,540.2797241210938,89.68212127685547,77.41000366210938,26.415061950683594
2024-08-16,41.46766662597656,231.99000549316406,70.84547424316406,208.03488159179688,470.0999755859375,541.4910278320312,89.99617767333984,76.31999969482422,26.28553009033203
2024-08-19,41.86887741088867,231.61000061035156,70.9622802734375,210.57904052734375,476.2751159667969,546.66845703125,90.41178894042969,74.37999725341797,26.146747589111328
2024-08-20,41.54409408569336,232.4600067138672,70.89940643310547,208.1229248046875,475.275634765625,545.7794799804688,91.13219451904297,73.83000183105469,26.054224014282227
2024-08-21,41.706485748291016,232.14999389648438,71.06114196777344,210.83346557617188,477.4923400878906,547.6551513671875,91.18760681152344,72.5999984741211,25.97095489501953
2024-08-22,41.19064712524414,229.3699951171875,70.97128295898438,208.9742431640625,469.9217529296875,543.3568115234375,90.28248596191406,73.58000183105469,26.09123420715332
2024-08-23,41.8784294128418,232.02000427246094,71.34870147705078,215.64781188964844,475.0183410644531,549.1301879882812,90.87356567382812,75.55000305175781,25.869178771972656
2024-08-26,41.52499008178711,232.75999450683594,71.20491790771484,215.71629333496094,470.40667724609375,547.8211669921875,90.64268493652344,77.83000183105469,25.924694061279297
2024-08-27,41.582305908203125,233.38999938964844,71.24984741210938,214.04302978515625,471.8119812011719,548.5733642578125,90.48567199707031,76.48999786376953,25.8414249420166
2024-08-28,41.32438278198242,231.75,71.21390533447266,212.5947723388672,466.4580993652344,545.3887939453125,90.37483978271484,75.4800033569336,25.989459991455078
2024-08-29,41.343482971191406,232.9499969482422,71.28577423095703,214.1115264892578,465.7752380371094,545.4376220703125,90.07929229736328,76.7699966430664,26.081981658935547
2024-08-30,41.42945861816406,231.2899932861328,71.2947769165039,215.35426330566406,471.3269958496094,550.6444091796875,89.11874389648438,74.33999633789062,26.1560001373291
2024-09-03,40.60793685913086,230.2899932861328,71.04194641113281,208.76876831054688,457.0170593261719,539.3126220703125,90.57630920410156,71.08999633789062,26.202260971069336
2024-09-04,40.598388671875,230.42999267578125,71.30379486083984,208.41648864746094,455.8295593261719,538.208740234375,91.74383544921875,69.61000061035156,26.072729110717773
2024-09-05,40.655704498291016,232.35000610351562,71.547607421875,207.37925720214844,456.255126953125,536.8997192382812,92.2627182006836,69.88999938964844,26.035720825195312
2024-09-06,39.91060256958008,230.6300048828125,71.4572982788086,203.43576049804688,444.0332946777344,527.8636474609375,92.25347137451172,68.93000030517578,26.072729110717773
2024-09-09,40.24494934082031,231.60000610351562,71.62884521484375,204.00332641601562,449.7434387207031,533.7738037109375,92.65191650390625,69.2699966430664,26.183753967285156
2024-09-10,40.09210205078125,232.6199951171875,71.493408203125,203.83700561523438,453.8997802734375,536.0987548828125,93.300537109375,66.95999908447266,26.19300651550293
2024-09-11,40.38822937011719,232.25,71.6017837524414,204.43389892578125,463.7564392089844,541.5984497070312,93.22640228271484,67.8499984741211,26.220766067504883
2024-09-12,40.72256851196289,236.3300018310547,71.70109558105469,207.06613159179688,468.3086853027344,546.1605224609375,92.79087829589844,69.88999938964844,26.109737396240234
2024-09-13,40.91362762451172,238.67999267578125,71.89972686767578,212.17405700683594,470.40667724609375,549.0130615234375,93.04109954833984,69.83999633789062,26.072729110717773
2024-09-16,41.047359466552734,238.66000366210938,72.080322265625,212.93727111816406,468.32843017578125,549.82373046875,93.89356231689453,70.87999725341797,25.989459991455078
2024-09-17,41.095123291015625,237.33999633789062,72.09837341308594,214.6986541748047,468.5758972167969,550.0484619140625,93.43952941894531,71.72000122070312,26.072729110717773
2024-09-18,40.95183181762695,235.50999450683594,72.16158294677734,214.73776245117188,466.54718017578125,548.4171142578125,92.28125762939453,70.66000366210938,26.100486755371094
2024-09-19,41.82111358642578,239.1699981689453,72.3782958984375,219.16070556640625,478.34344482421875,557.7755737304688,91.97547912597656,72.75,25.989459991455078
2024-09-20,41.73514175415039,242.2100067138672,72.46857452392578,216.81227111816406,477.4329833984375,556.8114013671875,91.62336730957031,72.91999816894531,26.035720825195312
2024-09-23,42.05992889404297,242.67999267578125,72.3331527709961,216.01963806152344,478.6985168457031,558.2026977539062,91.42877960205078,72.25,26.072729110717773
2024-09-24,43.49281311035156,246.07000732421875,72.34217071533203,216.38172912597656,481.007568359375,559.7998657226562,91.41024017333984,73.29000091552734,25.924694061279297
2024-09-25,43.0342903137207,245.72999572753906,72.26089477539062,213.74246215820312,481.4535217285156,558.5653076171875,90.65042877197266,71.4800033569336,26.100486755371094
2024-09-26,44.61046600341797,246.97999572753906,72.3782958984375,214.8814239501953,485.0707092285156,560.7798461914062,90.8635482788086,69.01000213623047,25.980205535888672
2024-09-27,44.52449035644531,245.02000427246094,72.55887603759766,216.33456420898438,482.3751525878906,559.9664306640625,91.33612060546875,70.2699966430664,25.97095489501953
2024-09-30,43.808048248291016,243.05999755859375,72.50469207763672,216.88442993164062,483.6833190917969,562.2105102539062,90.90059661865234,69.91999816894531,26.072729110717773
2024-10-01,44.12328338623047,245.61000061035156,72.46841430664062,213.93882751464844,476.94439697265625,557.173828125,91.55691528320312,72.11000061035156,26.183753967285156
2024-10-02,44.9925651550293,245.66000366210938,72.47748565673828,213.6442413330078,477.6183166503906,557.4090576171875,90.78535461425781,72.76000213623047,26.294782638549805
2024-10-03,44.45762634277344,245.49000549316406,72.3050765991211,212.21072387695312,477.26153564453125,556.3900146484375,89.93011474609375,75.7300033569336,26.3780517578125
2024-10-04,44.868385314941406,245.0,72.22341918945312,215.1759796142578,482.9400634765625,561.446044921875,88.8238754272461,76.3499984741211,26.52608871459961
2024-10-07,45.24093246459961,244.1699981689453,71.91494750976562,213.48716735839844,477.7669982910156,556.3704223632812,88.15454864501953,79.19999694824219,26.544593811035156
2024-10-08,44.12328338623047,242.3699951171875,72.08731079101562,213.63446044921875,484.90228271484375,561.63232421875,88.30328369140625,75.79000091552734,26.544593811035156
2024-10-09,43.884464263916016,241.0500030517578,72.04195404052734,214.10574340820312,488.7176513671875,565.5223999023438,87.8012924194336,75.25,26.664871215820312
2024-10-10,43.97043991088867,242.82000732421875,72.00567626953125,212.91770935058594,488.1626892089844,564.53271484375,87.45733642578125,77.7699966430664,26.65561866760254
2024-10-11,44.28567886352539,245.47000122070312,72.19620513916016,217.24769592285156,488.9257507324219,567.9132690429688,87.10408782958984,77.48999786376953,26.674123764038086
2024-10-14,44.10417556762695,245.07000732421875,72.23251342773438,218.84814453125,493.028564453125,572.5579223632812,87.16917419433594,75.93000030517578,26.75739288330078
2024-10-15,43.168025970458984,245.9199981689453,72.21434783935547,219.02491760253906,486.4383239746094,568.109375,88.22893524169922,72.76000213623047,26.775897979736328
2024-10-16,43.50236892700195,247.14999389648438,72.34137725830078,222.6283416748047,486.4977722167969,570.5785522460938,88.60076141357422,72.4000015258789,26.849916458129883
2024-10-17,43.43550109863281,248.6300048828125,72.23251342773438,222.01959228515625,486.834716796875,570.62744140625,87.19705963134766,72.62000274658203,26.933185577392578
2024-10-18,43.86536407470703,251.27000427246094,72.4048843383789,221.55810546875,490.02581787109375,572.8224487304688,87.26214599609375,71.37999725341797,26.859169006347656
2024-10-21,43.5596809387207,251.22000122070312,72.11454772949219,218.07249450683594,490.96722412109375,571.8816528320312,85.73757934570312,72.26000213623047,26.979446411132812
2024-10-22,43.46416091918945,253.92999267578125,72.01475524902344,217.24769592285156,491.50238037109375,571.5779418945312,85.82124328613281,73.9800033569336,27.0072021484375
2024-10-23,43.20623779296875,250.8699951171875,71.7969741821289,215.2643585205078,483.97064208984375,566.3552856445312,85.58885955810547,73.55000305175781,27.0997257232666
2024-10-24,43.139373779296875,252.8000030517578,72.00567626953125,215.7356414794922,487.8951416015625,567.5801391601562,86.1373062133789,73.05999755859375,26.99795150756836
2024-10-25,43.101158142089844,253.32000732421875,71.93309020996094,214.92068481445312,490.8681640625,567.3840942382812,85.6539077758789,74.2300033569336,27.090473175048828
2024-10-28,43.292205810546875,253.3300018310547,72.11454772949219,218.42596435546875,490.9473876953125,569.1381225585938,85.42150115966797,70.43000030517578,27.090473175048828
2024-10-29,43.15847396850586,256.0899963378906,72.13270568847656,217.71902465820312,495.6646423339844,570.0592041015625,85.5516586303711,69.66000366210938,27.0997257232666
2024-10-30,42.738162994384766,257.5,72.00567626953125,217.42445373535156,491.91864013671875,568.3346557617188,85.80265045166016,71.36000061035156,27.034957885742188
2024-10-31,42.46113967895508,253.50999450683594,71.80604553222656,213.81118774414062,479.5012512207031,557.1934204101562,85.94210052490234,73.08000183105469,27.016454696655273
2024-11-01,42.49934768676758,252.47000122070312,71.81060791015625,215.00906372070312,483.049072265625,559.545166015625,84.73046112060547,72.0199966430664,27.12748146057129
2024-11-04,42.738162994384766,252.8300018310547,72.01121520996094,216.0989532470703,481.641845703125,558.3399658203125,86.04563903808594,74.29000091552734,27.025705337524414
2024-11-05,43.320865631103516,253.39999389648438,72.21183776855469,220.16387939453125,487.7861328125,565.0912475585938,86.5026626586914,74.7300033569336,26.91468048095703
2024-11-06,42.78592300415039,245.6999969482422,72.3394775390625,232.91830444335938,501.035888671875,579.1426391601562,84.13349151611328,74.54000091552734,27.349533081054688
2024-11-07,43.73162841796875,249.64999389648438,72.64954376220703,232.09353637695312,508.92437744140625,583.6206665039062,85.1875,74.66000366210938,27.12748146057129
2024-11-08,42.652191162109375,247.9600067138672,72.76808166503906,233.80198669433594,509.51898193359375,586.148681640625,86.26949310302734,73.12999725341797,27.31252670288086
2024-11-11,42.32740783691406,242.13999938964844,72.6860122680664,237.31707763671875,509.2216796875,586.7072143554688,85.84976196289062,70.94000244140625,27.469812393188477
2024-11-12,41.52499008178711,240.0500030517578,72.39421844482422,233.1539306640625,508.3000183105469,584.8846435546875,84.56256103515625,70.69000244140625,27.590091705322266
2024-11-13,41.25751495361328,237.6300048828125,72.4124526977539,230.84657287597656,507.6459655761719,585.1687622070312,83.7603988647461,70.7300033569336,27.747379302978516
2024-11-14,41.028255462646484,237.00999450683594,72.25743865966797,227.73402404785156,504.11798095703125,581.4060668945312,84.24543762207031,71.29000091552734,27.85840606689453
2024-11-15,41.028255462646484,236.58999633789062,72.24832153320312,224.3367919921875,492.10693359375,573.9591674804688,84.02156066894531,69.75,27.830650329589844
2024-11-18,41.4963264465332,241.08999633789062,72.38510131835938,224.77862548828125,495.5259094238281,576.3107299804688,84.17081451416016,72.06999969482422,27.69186782836914
2024-11-19,41.46766662597656,243.25,72.49453735351562,226.44778442382812,498.93499755859375,578.4175415039062,84.59986877441406,72.30999755859375,27.682613372802734
2024-11-20,41.41990661621094,244.6199951171875,72.47628784179688,226.7423553466797,498.6476135253906,578.6134643554688,84.32938385009766,72.0199966430664,27.82139778137207
2024-11-21,41.33393478393555,246.66000366210938,72.50365447998047,230.18873596191406,500.4413757324219,581.7196044921875,84.26408386230469,73.19999694824219,27.91391944885254
2024-11-22,41.343482971191406,249.83999633789062,72.48540496826172,234.44020080566406,501.2440490722656,583.5225830078125,84.31072235107422,74.25,28.061954498291016
2024-11-25,41.37214660644531,242.47999572753906,72.75897979736328,238.00436401367188,502.036865234375,585.5020141601562,86.49333953857422,72.0999984741211,27.867658615112305
2024-11-26,41.200199127197266,242.9499969482422,72.62217712402344,236.2566680908203,504.732421875,588.55908203125,86.15756225585938,71.61000061035156,27.9046688079834
2024-11-27,41.25751495361328,243.49000549316406,72.84104919433594,236.58065795898438,500.7584533691406,586.7758178710938,86.7545166015625,71.72000122070312,27.664108276367188
2024-11-29,41.32438278198242,245.58999633789062,72.98694610595703,237.48397827148438,505.15850830078125,590.4209594726562,87.64994049072266,71.61000061035156,27.617849349975586
2024-12-02,41.48677444458008,243.44000244140625,72.96035766601562,237.3661651611328,510.65863037109375,591.4791870117188,87.86053466796875,71.04000091552734,27.784387588500977
2024-12-03,41.572750091552734,243.92999267578125,72.96035766601562,235.67735290527344,512.2245483398438,591.7534790039062,87.10238647460938,73.04000091552734,27.775136947631836
2024-12-04,41.677825927734375,244.6699981689453,73.1343994140625,236.52175903320312,518.5569458007812,595.4280395507812,88.03837585449219,71.87999725341797,27.765884399414062
2024-12-05,41.95484924316406,242.86000061035156,73.07029724121094,233.76271057128906,517.1200561523438,594.4481811523438,88.21621704101562,71.47000122070312,27.617849349975586
2024-12-06,41.88798522949219,242.9499969482422,73.18938446044922,234.59727478027344,521.748046875,595.5750122070312,88.34722900390625,70.23999786376953,27.69186782836914
2024-12-09,42.747711181640625,245.36000061035156,73.09777069091797,233.41905212402344,517.6849365234375,592.508056640625,87.5329360961914,71.16999816894531,27.738126754760742
2024-12-10,42.05992889404297,248.58999633789062,73.1343994140625,232.40773010253906,515.9208984375,590.6658935546875,87.1211166381836,71.4000015258789,27.802892684936523
2024-12-11,42.231876373291016,250.9600067138672,73.15274810791016,233.45834350585938,525.1571655273438,595.2321166992188,86.29743194580078,73.33000183105469,27.895414352416992
2024-12-12,42.02172088623047,247.27999877929688,72.95120239257812,230.42434692382812,521.7679443359375,592.1650390625,85.2491683959961,73.20999908447266,27.98793601989746
2024-12-13,42.05992889404297,244.2899932861328,72.74053192138672,228.8435516357422,525.76171875,592.0474853515625,84.37870025634766,74.20999908447266,27.997188568115234
2024-12-16,41.83066940307617,244.8800048828125,72.87793731689453,230.18873596191406,533.3330078125,594.5755615234375,84.63139343261719,73.69999694824219,27.950927734375
2024-12-17,41.73061752319336,243.94000244140625,72.72221374511719,227.553466796875,530.9842529296875,592.1257934570312,84.83731842041016,73.30000305175781,27.978683471679688
2024-12-18,40.75923156738281,239.25999450683594,71.9754867553711,217.47911071777344,511.82794189453125,574.4784545898438,83.7764892578125,72.94000244140625,28.30251121520996
2024-12-19,40.895225524902344,239.60000610351562,71.90180969238281,216.5140380859375,509.5487365722656,574.3019409179688,82.50801849365234,72.61000061035156,28.35802459716797
2024-12-20,41.06036376953125,242.10000610351562,72.35298156738281,218.54270935058594,513.998291015625,581.199951171875,82.97783660888672,73.0999984741211,28.219242095947266
2024-12-23,41.29349136352539,240.9600067138672,72.1596450805664,218.04046630859375,519.006103515625,584.6802978515625,82.21671295166016,73.05999755859375,28.322710037231445
2024-12-24,41.41977310180664,241.44000244140625,72.38982391357422,219.99032592773438,526.0437622070312,591.1790161132812,82.56439971923828,73.6500015258789,28.400068283081055
2024-12-26,41.274070739746094,243.07000732421875,72.57398223876953,222.24546813964844,525.6863403320312,591.2184448242188,82.51739501953125,73.12999725341797,28.34204864501953
2024-12-27,41.08950424194336,241.39999389648438,72.32537841796875,219.0055389404297,518.6983642578125,584.9950561523438,81.84088897705078,73.8499984741211,28.293699264526367
2024-12-30,40.75923156738281,240.6300048828125,72.42664337158203,217.3215789794922,511.7998046875,578.3192138671875,82.49861145019531,74.81999969482422,28.322710037231445
2024-12-31,40.62323760986328,242.1300048828125,72.41742706298828,217.59732055664062,507.4521179199219,576.21533203125,82.0569839477539,75.55000305175781,28.448415756225586
2025-01-02,40.5649528503418,245.4199981689453,72.5923843383789,217.7745819091797,506.45953369140625,574.7994384765625,82.28250122070312,76.93000030517578,28.690160751342773
2025-01-03,40.94379806518555,243.49000549316406,72.70287322998047,221.01449584960938,514.747802734375,581.9864501953125,82.0194091796875,77.91999816894531,28.603132247924805
2025-01-06,41.08950424194336,243.19000244140625,72.83177947998047,221.10313415527344,520.6637573242188,585.3389892578125,81.6529541015625,77.30000305175781,28.41940689086914
2025-01-07,40.79808807373047,244.55999755859375,72.5923843383789,219.33050537109375,511.3728942871094,578.722412109375,80.73212432861328,78.16999816894531,28.525774002075195
2025-01-08,40.60381317138672,245.86000061035156,72.68446350097656,218.3358917236328,511.4622802734375,579.56787109375,80.83547973632812,77.30000305175781,28.63214111328125
2025-01-10,39.91413116455078,248.2100067138672,72.30695343017578,213.53016662597656,503.4419250488281,570.7192993164062,80.29991149902344,80.63999938964844,28.77718734741211
2025-01-13,39.642147064208984,245.74000549316406,72.28852844238281,213.94375610351562,501.82403564453125,571.604248046875,80.2717056274414,82.2300033569336,28.864215850830078
2025-01-14,40.0889778137207,247.02999877929688,72.38060760498047,216.37615966796875,501.3475341796875,572.3906860351562,80.14017486572266,81.66999816894531,28.680490493774414
2025-01-15,40.613525390625,248.8800048828125,73.01594543457031,220.63043212890625,512.8816528320312,582.8024291992188,81.52140808105469,84.33999633789062,28.63214111328125
2025-01-16,40.5649528503418,250.60000610351562,73.09880065917969,221.07359313964844,509.2884216308594,581.6817016601562,81.78450012207031,82.94000244140625,28.63214111328125
2025-01-17,40.8855094909668,249.27000427246094,73.16324615478516,222.02882385253906,517.8843994140625,587.5217895507812,81.9254379272461,82.5199966430664,28.738508224487305
2025-01-21,41.322635650634766,253.1300048828125,73.35661315917969,226.2929229736328,520.9217529296875,592.8995971679688,82.6583480834961,81.11000061035156,28.371057510375977
2025-01-22,41.351776123046875,254.42999267578125,73.25534057617188,224.8157501220703,527.582275390625,596.2326049804688,82.22612762451172,80.43000030517578,28.41940689086914
2025-01-23,41.44891357421875,254.07000732421875,73.34740447998047,225.83990478515625,528.703857421875,599.48681640625,81.58718872070312,79.20999908447266,28.40973663330078
2025-01-24,41.72090530395508,255.64999389648438,73.43028259277344,225.20965576171875,525.7161254882812,597.7367553710938,81.95362854003906,79.5999984741211,28.235681533813477
2025-01-27,40.96322250366211,252.99000549316406,73.48552703857422,223.05299377441406,510.4100646972656,589.2816162109375,82.92144012451172,77.93000030517578,28.245349884033203
2025-01-28,41.26435089111328,255.17999267578125,73.45789337158203,223.2991943359375,517.9539184570312,594.3449096679688,82.86507415771484,78.86000061035156,28.361387252807617
2025-01-29,41.274070739746094,254.1999969482422,73.411865234375,222.78709411621094,516.981201171875,591.6805419921875,82.69593811035156,77.77999877929688,28.41940689086914
2025-01-30,41.97346115112305,258.04998779296875,73.54996490478516,225.05210876464844,519.1846923828125,594.8560791015625,83.00598907470703,77.75,28.41940689086914
2025-01-31,41.49748229980469,258.55999755859375,73.40264129638672,223.03329467773438,518.4303588867188,591.6903686523438,82.46102905273438,78.0199966430664,28.535444259643555
2025-02-03,41.19635772705078,259.94000244140625,73.31016540527344,220.42361450195312,514.2813110351562,587.7084350585938,83.13243865966797,77.81999969482422,28.661149978637695
2025-02-04,41.93460464477539,262.5,73.54139709472656,223.47645568847656,520.59423828125,591.6510620117188,83.38702392578125,77.51000213623047,28.400068283081055
2025-02-05,41.827754974365234,264.1300048828125,73.7356185913086,225.9088592529297,522.9566650390625,594.0499877929688,84.7637710571289,76.08999633789062,28.35171890258789
2025-02-06,42.002601623535156,263.42999267578125,73.6246337890625,225.17027282714844,525.6863403320312,596.1146850585938,84.72605895996094,75.44999694824219,28.332378387451172
2025-02-07,41.963748931884766,263.8999938964844,73.39340209960938,222.5606231689453,519.0557250976562,590.6580810546875,84.17910766601562,75.86000061035156,28.458086013793945
2025-02-10,42.468868255615234,268.3699951171875,73.54139709472656,223.56507873535156,525.3389282226562,594.6693115234375,83.92452239990234,77.4000015258789,28.545114517211914
2025-02-11,42.303733825683594,267.3900146484375,73.51364135742188,222.26515197753906,524.0882568359375,595.1215209960938,83.38702392578125,78.2699966430664,28.448415756225586
2025-02-12,42.536865234375,267.6700134277344,73.35638427734375,220.216796875,524.3959350585938,593.2044677734375,82.2554702758789,76.31999969482422,28.467756271362305
2025-02-13,42.8088493347168,270.30999755859375,73.68938446044922,222.69847106933594,531.93994140625,599.4671630859375,83.62276458740234,76.38999938964844,28.235681533813477
2025-02-14,43.139122009277344,266.2900085449219,73.77263641357422,222.5310516357422,534.1731567382812,599.4376220703125,84.06597137451172,75.81999969482422,28.158323287963867
2025-02-18,43.411109924316406,270.70001220703125,73.70787811279297,223.752197265625,535.3840942382812,601.1975708007812,83.0758285522461,76.95999908447266,28.21634292602539
2025-02-19,43.343109130859375,270.8500061035156,73.76338195800781,222.9840545654297,535.5330810546875,602.6134033203125,83.17957305908203,77.44999694824219,28.245349884033203
2025-02-20,43.74137878417969,270.989990234375,73.80963134765625,220.84707641601562,533.2599487304688,600.1063232421875,83.4907455444336,77.76000213623047,28.022947311401367
2025-02-21,43.6151008605957,270.739990234375,73.67086791992188,214.4853973388672,522.1923217773438,589.842041015625,84.4997329711914,75.3499984741211,28.119644165039062
2025-02-24,42.944847106933594,272.2099914550781,73.76338195800781,212.93930053710938,516.0281982421875,587.157958984375,84.74491882324219,75.97000122070312,28.13898468017578
2025-02-25,42.97399139404297,268.6199951171875,73.94837188720703,212.1317596435547,509.52667236328125,584.2379150390625,86.2065200805664,74.12999725341797,28.032615661621094
2025-02-26,43.40139389038086,269.0299987792969,74.05009460449219,212.3976593017578,510.7574768066406,584.5328369140625,86.71570587158203,73.8499984741211,28.090635299682617
2025-02-27,42.55629348754883,264.92999267578125,73.911376953125,209.15773010253906,496.5731201171875,575.2025146484375,86.10279083251953,75.27999877929688,28.293699264526367
2025-02-28,41.97346115112305,263.2699890136719,74.11485290527344,211.38331604003906,504.41473388671875,584.1788940429688,87.1589126586914,75.22000122070312,28.41940689086914
2025-03-03,41.604339599609375,266.739990234375,73.96058654785156,205.60267639160156,493.3768615722656,573.9441528320312,87.565673828125,73.31999969482422,28.14865493774414
2025-03-04,41.95403289794922,269.05999755859375,73.9512939453125,203.27857971191406,491.8879699707031,567.1505126953125,86.4873046875,73.30999755859375,27.897239685058594
2025-03-05,43.20711898803711,269.6199951171875,73.98847198486328,205.29739379882812,498.3002014160156,573.24609375,85.79676055908203,71.41999816894531,27.55879783630371
2025-03-06,42.93513488769531,268.25,73.70968627929688,202.1559295654297,484.5923156738281,563.0703125,85.51297760009766,71.12999725341797,27.539459228515625
2025-03-07,43.14883804321289,268.3900146484375,73.83048248291016,202.81573486328125,488.1557922363281,566.2262573242188,85.23866271972656,72.08999633789062,27.452430725097656
2025-03-10,42.11916732788086,266.0400085449219,73.55172729492188,197.71456909179688,469.23663330078125,551.1445922851562,86.1278305053711,70.88999938964844,27.471771240234375
2025-03-11,42.468868255615234,269.1600036621094,73.29150390625,197.6948699951172,468.1149597167969,546.5628051757812,85.51297760009766,71.44999694824219,27.317054748535156
2025-03-12,42.701995849609375,270.3299865722656,73.37515258789062,198.03955078125,473.3956298828125,549.4632568359375,85.0021743774414,72.80000305175781,27.384742736816406
2025-03-13,42.52714920043945,275.1300048828125,72.96627807617188,195.085205078125,464.8790283203125,542.1386108398438,85.74947357177734,71.62000274658203,27.481441497802734
2025-03-14,43.30426025390625,275.239990234375,73.3008041381836,199.80230712890625,476.11541748046875,553.3369750976562,85.29541015625,72.27999877929688,27.452430725097656
2025-03-17,44.04250717163086,276.7300109863281,73.47736358642578,202.32334899902344,479.202392578125,557.6038818359375,85.72108459472656,72.70999908447266,27.346065521240234
2025-03-18,43.819087982177734,279.9599914550781,73.34727478027344,200.56651306152344,471.0332336425781,551.5770263671875,85.80622100830078,72.20999908447266,27.326725006103516
2025-03-19,43.925941467285156,281.1099853515625,73.83048248291016,203.68539428710938,477.3363342285156,557.5841674804688,86.25082397460938,72.41999816894531,27.394412994384766
2025-03-20,43.51796340942383,280.75,73.728271484375,202.39244079589844,475.7183532714844,555.9718627929688,86.30756378173828,73.7300033569336,27.471771240234375
2025-03-21,43.30426025390625,278.489990234375,73.61676025390625,201.13894653320312,477.2867126464844,556.1552124023438,85.79676055908203,73.79000091552734,27.55879783630371
2025-03-24,43.498531341552734,277.25,73.83048248291016,206.14300537109375,487.7604064941406,566.1151733398438,84.91703796386719,74.87999725341797,27.607147216796875
2025-03-25,43.37225341796875,278.4700012207031,73.79332733154297,204.9980926513672,490.54388427734375,567.4760131835938,84.90758514404297,74.81999969482422,27.57813835144043
2025-03-26,43.109981536865234,278.239990234375,73.4959487915039,202.91554260253906,481.5175476074219,560.7013549804688,84.3494873046875,75.41999816894531,27.70384407043457
2025-03-27,43.32368469238281,281.9700012207031,73.35655975341797,201.9482879638672,478.7738342285156,559.2122802734375,84.1035385131836,75.4800033569336,27.616817474365234
2025-03-28,42.51743698120117,284.05999755859375,73.2264633178711,197.8424072265625,466.16876220703125,547.95068359375,85.26702117919922,74.7699966430664,27.56846809387207
2025-03-31,42.44944381713867,288.1400146484375,73.31010437011719,196.8948974609375,466.14892578125,551.6289672851562,86.10892486572266,77.33000183105469,27.59747886657715
2025-04-01,42.58543395996094,287.57000732421875,73.48005676269531,196.9146270751953,469.9065856933594,553.1870727539062,86.85509490966797,77.08000183105469,27.62648582458496
2025-04-02,42.643714904785156,288.1600036621094,73.62944793701172,200.02366638183594,473.3362121582031,556.6878051757812,86.79814910888672,77.73999786376953,27.51045036315918
2025-04-03,41.740333557128906,286.4200134277344,72.71434783935547,187.18287658691406,447.99676513671875,529.2537841796875,87.1968765258789,72.25,27.026962280273438
2025-04-04,39.418724060058594,279.7200012207031,71.67784118652344,178.8329620361328,420.1722106933594,498.2696838378906,88.14620208740234,67.91999816894531,27.326725006103516
2025-04-07,37.951934814453125,273.7099914550781,71.0615234375,177.2142791748047,421.1861877441406,497.3822021484375,85.48806762695312,65.9800033569336,27.442760467529297
2025-04-08,37.41767501831055,275.20001220703125,70.73470306396484,172.5458221435547,413.60125732421875,489.5918273925781,83.87419128417969,63.34000015258789,27.317054748535156
2025-04-09,40.011268615722656,285.3800048828125,72.63029479980469,187.21250915527344,463.24615478515625,541.0084228515625,84.36783599853516,67.58000183105469,27.35573387145996
2025-04-10,39.32158660888672,292.3500061035156,71.44438171386719,179.34620666503906,443.5433044433594,517.3019409179688,82.04195404052734,65.31999969482422,26.785219192504883
2025-04-11,40.55524444580078,297.92999267578125,71.6591567993164,181.96173095703125,451.7146911621094,526.531982421875,82.48812866210938,66.45999908447266,26.543476104736328
2025-04-14,40.924373626708984,296.2300109863281,72.01400756835938,184.1034698486328,454.7764892578125,531.6401977539062,83.07673645019531,66.66000366210938,26.45644760131836
2025-04-15,40.8855094909668,297.7799987792969,72.21009063720703,184.3304901123047,455.2834777832031,530.151123046875,83.37101745605469,66.4800033569336,26.60149383544922
2025-04-16,40.4095344543457,307.4700012207031,72.20075225830078,182.5637969970703,441.5550842285156,518.3668823242188,83.83621215820312,67.75,26.37908935546875
2025-04-17,40.720375061035156,306.1199951171875,72.62095642089844,184.05413818359375,441.47552490234375,519.1065063476562,83.09573364257812,69.4800033569336,26.398427963256836
2025-04-21,40.710662841796875,315.5899963378906,72.19142150878906,180.36279296875,430.5505065917969,506.7503662109375,81.64324188232422,68.62000274658203,26.147014617919922
2025-04-22,41.322635650634766,311.1099853515625,72.47156524658203,185.03125,441.85333251953125,519.9348754882812,82.09890747070312,69.37000274658203,26.29206085205078
2025-04-23,41.798614501953125,303.6499938964844,72.83574676513672,187.77508544921875,451.8737487792969,527.991455078125,82.89636993408203,68.05000305175781,26.53380584716797
2025-04-24,42.284305572509766,308.07000732421875,73.48938751220703,191.53553771972656,464.588134765625,539.1051635742188,83.76973724365234,68.45999908447266,26.417766571044922
2025-04-25,42.20659255981445,304.7300109863281,73.55474853515625,191.59474182128906,469.7673645019531,543.0003662109375,84.3868179321289,69.02999877929688,26.485454559326172
2025-04-28,42.284305572509766,309.07000732421875,73.59209442138672,192.40408325195312,469.6182556152344,543.2073974609375,84.91844940185547,67.76000213623047,26.321069717407227
2025-04-29,42.400875091552734,306.05999755859375,73.78819274902344,193.5391082763672,472.7198181152344,546.6292724609375,85.63044738769531,65.8499984741211,26.408098220825195
2025-04-30,42.50772476196289,303.7699890136719,73.39600372314453,192.32513427734375,472.66015625,546.84619140625,84.93743896484375,63.560001373291016,26.50479507446289
2025-05-01,42.498008728027344,297.4599914550781,73.49081420898438,193.51939392089844,478.83349609375,550.7217407226562,84.50675201416016,64.5199966430664,26.65951156616211
2025-05-02,43.71223831176758,297.9800109863281,73.71607971191406,197.87200927734375,485.94122314453125,558.896728515625,83.592041015625,64.01000213623047,26.620832443237305
2025-05-05,44.04250717163086,306.8800048828125,73.68791961669922,196.35205078125,483.0583801269531,555.69189453125,83.1251449584961,62.369998931884766,26.57248306274414
2025-05-06,43.86766052246094,315.4800109863281,73.63158416748047,194.2102813720703,478.5650939941406,551.047119140625,83.40147399902344,64.5999984741211,26.408098220825195
2025-05-07,43.36254119873047,310.75,73.6972885131836,194.85182189941406,480.44384765625,553.3646240234375,83.7540283203125,63.5099983215332,26.60149383544922
2025-05-08,43.33340072631836,304.6300048828125,73.67852020263672,198.56289672851562,485.4044189453125,557.2202758789062,82.82025146484375,65.5999984741211,26.823896408081055
2025-05-09,43.62481689453125,306.8399963378906,73.7254409790039,198.1977081298828,485.0863037109375,556.5103149414062,82.94412231445312,66.61000061035156,26.746540069580078
2025-05-12,44.567054748535156,298.19000244140625,74.45753479003906,205.16587829589844,504.84881591796875,574.9015502929688,82.17231750488281,67.5999984741211,27.123659133911133
2025-05-13,44.6447639465332,299.4599914550781,74.58893585205078,205.91600036621094,512.5430908203125,578.6981811523438,81.83882141113281,69.58999633789062,26.891584396362305
2025-05-14,44.9847526550293,293.1600036621094,74.31675720214844,204.09007263183594,515.61474609375,579.4376831054688,81.29572296142578,68.7300033569336,26.949604034423828
2025-05-15,44.96532440185547,297.8399963378906,74.45753479003906,205.42250061035156,516.181396484375,582.2678833007812,82.01033020019531,67.58999633789062,26.881916046142578
2025-05-16,44.93618392944336,294.239990234375,74.5420150756836,207.12013244628906,518.4281616210938,585.9559936523438,82.22948455810547,68.0999984741211,26.959272384643555
2025-05-19,45.033321380615234,298.0299987792969,74.50447845458984,206.2515869140625,518.9251098632812,586.596923828125,81.99129486083984,68.51000213623047,26.775548934936523
2025-05-20,44.9847526550293,303.5799865722656,74.4669418334961,206.36013793945312,517.1954345703125,584.624755859375,81.4005126953125,68.66000366210938,26.698190689086914
2025-05-21,44.86818313598633,305.82000732421875,73.969482421875,200.56651306152344,510.0081787109375,574.7733154296875,80.00938415527344,67.58999633789062,26.5821533203125
2025-05-22,44.722476959228516,303.1099853515625,74.11966705322266,200.55662536621094,510.9624938964844,575.0001220703125,80.42863464355469,67.13999938964844,26.65951156616211
2025-05-23,44.90704345703125,309.75,74.10089111328125,199.92494201660156,506.2305908203125,571.0752563476562,80.56201934814453,67.98999786376953,26.46611785888672
2025-05-27,44.80018615722656,304.5,74.5514144897461,204.9980926513672,518.1398315429688,582.9483032226562,81.68638610839844,67.27999877929688,26.611164093017578
2025-05-28,44.596195220947266,303.80999755859375,74.50447845458984,202.83656311035156,515.8433837890625,579.5757446289062,81.33382415771484,67.88999938964844,26.698190689086914
2025-05-29,44.76133346557617,305.6099853515625,74.61710357666016,203.43862915039062,516.8574829101562,581.8635864257812,82.08656311035156,67.19000244140625,26.553142547607422
2025-05-30,44.21735763549805,303.6000061035156,74.68280792236328,202.40232849121094,516.0422973632812,581.2127685546875,82.21041870117188,67.1500015258789,26.543476104736328
2025-06-02,44.53791046142578,311.6700134277344,74.66960906982422,203.03399658203125,520.1181030273438,584.4866333007812,81.44532775878906,69.55000305175781,26.35974884033203
2025-06-03,44.6447639465332,308.9100036621094,74.81105041503906,206.31080627441406,524.183837890625,587.8197631835938,81.3018798828125,69.88999938964844,26.53380584716797
2025-06-04,45.198455810546875,310.8999938964844,74.95252227783203,205.7284698486328,525.6452026367188,587.6619873046875,82.62166595458984,69.33999633789062,26.417766571044922
2025-06-05,45.431583404541016,309.3299865722656,74.79217529296875,205.8173065185547,521.688720703125,584.8218994140625,82.6790542602539,69.93000030517578,26.398427963256836
2025-06-06,45.577293395996094,305.17999267578125,74.78276062011719,209.14346313476562,526.788330078125,590.8274536132812,81.62703704833984,71.37999725341797,26.53380584716797
2025-06-09,45.96584701538086,306.6199951171875,74.82049560546875,210.58447265625,527.5637817382812,591.3599243164062,81.71311950683594,72.05000305175781,26.46611785888672
2025-06-10,46.22812271118164,306.7099914550781,74.9996566772461,211.71949768066406,531.0531005859375,594.7128295898438,82.13391876220703,71.5999984741211,26.49512481689453
2025-06-11,46.42239761352539,308.3699951171875,74.98080444335938,210.85096740722656,529.263671875,593.0166625976562,82.38258361816406,74.81999969482422,26.398427963256836
2025-06-12,46.50010681152344,312.20001220703125,75.06568145751953,210.01202392578125,530.5062866210938,595.3734741210938,83.3676528930664,75.05000305175781,26.205034255981445
2025-06-13,45.76185989379883,316.2900085449219,74.83935546875,206.172607421875,523.845947265625,588.7172241210938,82.5643081665039,80.22000122070312,26.272722244262695
2025-06-16,46.32286834716797,311.7799987792969,74.99021911621094,208.60337829589844,531.1325073242188,594.3182983398438,81.73223876953125,78.58999633789062,26.30173110961914
2025-06-17,45.714778900146484,311.94000244140625,74.90536499023438,206.40618896484375,525.953369140625,589.2398681640625,82.72687530517578,82.30000305175781,26.475786209106445
2025-06-18,45.7049674987793,310.260009765625,75.01853942871094,207.494873046875,525.8638305664062,589.1510009765625,82.87032318115234,82.2699966430664,26.52413558959961
2025-06-20,45.44015884399414,310.1300048828125,75.25428771972656,207.0594024658203,523.7167358398438,587.7674560546875,82.7173080444336,83.12000274658203,26.49512481689453
2025-06-23,45.8128547668457,311.0799865722656,75.39573669433594,209.5930938720703,529.1017456054688,593.572998046875,82.98509216308594,76.41000366210938,26.38875961303711
2025-06-24,46.99961471557617,306.19000244140625,75.60320281982422,212.26531982421875,537.1928100585938,600.13037109375,83.58760833740234,73.0,26.253381729125977
2025-06-25,47.038848876953125,307.1199951171875,75.5843505859375,209.79103088378906,538.566162109375,600.4666137695312,83.69281768798828,73.30999755859375,26.185693740844727
2025-06-26,47.35270309448242,306.7799987792969,75.8012466430664,213.19566345214844,543.6018676757812,605.1646728515625,84.11361694335938,73.58999633789062,26.07932472229004
2025-06-27,47.166351318359375,301.2200012207031,75.7635269165039,213.26495361328125,545.4629516601562,608.1713256835938,83.57804870605469,73.27999877929688,26.127676010131836
2025-06-30,47.313472747802734,304.8299865722656,76.05586242675781,213.57176208496094,548.9959106445312,611.0790405273438,84.4005355834961,73.11000061035156,25.992298126220703
2025-07-01,47.4017448425293,307.54998779296875,75.96015930175781,215.7689208984375,544.3681640625,610.8812866210938,84.60980224609375,73.93000030517578,25.982629776000977
2025-07-02,47.60771179199219,309.25,76.102294921875,218.75790405273438,548.1599731445312,613.6505737304688,84.07223510742188,75.58999633789062,25.963289260864258
2025-07-03,47.823482513427734,307.1400146484375,76.149658203125,220.7868194580078,553.553955078125,618.487060546875,83.48666381835938,75.19000244140625,26.0889949798584
2025-07-07,47.14673614501953,307.3699951171875,75.89383697509766,217.47125244140625,549.3840942382812,613.8780517578125,82.68990325927734,76.4800033569336,26.176023483276367
2025-07-08,47.440975189208984,304.1600036621094,75.78960418701172,218.9756622314453,549.6925659179688,613.5418090820312,82.58432006835938,76.95999908447266,26.195363998413086
2025-07-09,47.36251449584961,305.5199890136719,75.99806213378906,221.3509521484375,553.5838623046875,617.2210083007812,83.44827270507812,76.93000030517578,26.195363998413086
2025-07-10,47.490013122558594,306.20001220703125,75.9222640991211,222.4891357421875,552.7876586914062,618.961669921875,83.505859375,75.38999938964844,26.243711471557617
2025-07-11,47.33308792114258,309.1400146484375,75.82750701904297,219.42098999023438,551.543701171875,616.7858276367188,82.35393524169922,77.29000091552734,26.321069717407227
2025-07-14,47.4017448425293,308.010009765625,75.88436126708984,220.89569091796875,553.5440063476562,617.9627685546875,82.18114471435547,75.62000274658203,26.38875961303711
2025-07-15,47.745018005371094,306.7300109863281,75.65697479248047,216.57061767578125,554.051513671875,615.3220825195312,81.60517883300781,75.26000213623047,26.53380584716797
2025-07-16,47.970603942871094,308.260009765625,75.85594177246094,218.7480010986328,554.6187744140625,617.3792114257812,81.72036743164062,75.19000244140625,26.43710708618164
2025-07-17,48.24522399902344,307.5899963378906,75.9317398071289,221.61819458007812,559.107177734375,621.1574096679688,81.701171875,76.16000366210938,26.553142547607422
2025-07-18,48.1373405456543,308.3900146484375,76.03597259521484,220.04454040527344,558.56982421875,620.7024536132812,81.8259506225586,75.93000030517578,26.51446533203125
2025-07-21,48.45119094848633,313.1300048828125,76.14017486572266,219.15377807617188,561.4658203125,621.87939453125,82.55552673339844,75.58999633789062,26.340410232543945
2025-07-22,48.480613708496094,316.1000061035156,76.27284240722656,220.97486877441406,558.5599365234375,621.9683837890625,83.0546875,75.3499984741211,26.205034255981445
2025-07-23,48.971012115478516,312.17999267578125,76.31072235107422,224.34982299804688,561.1076049804688,627.259765625,82.59393310546875,75.27999877929688,26.166353225708008
2025-07-24,48.706199645996094,310.2699890136719,76.21599578857422,221.2519989013672,562.3018798828125,627.4674682617188,82.44992065429688,76.08999633789062,26.234041213989258
2025-07-25,48.55907440185547,307.3999938964844,76.26335144042969,222.07347106933594,563.6553955078125,630.1180419921875,82.96830749511719,74.8499984741211,26.29206085205078
2025-07-28,48.235416412353516,305.4100036621094,76.2254638671875,221.81614685058594,565.4168701171875,629.9598999023438,82.43073272705078,77.16999816894531,26.59182357788086
2025-07-29,48.255035400390625,306.25,76.27284240722656,220.4008331298828,564.5410766601562,628.2982788085938,83.82266235351562,79.80000305175781,26.65951156616211
2025-07-30,47.901947021484375,300.9599914550781,76.11177062988281,219.28245544433594,565.2974243164062,627.507080078125,83.39067840576172,81.04000091552734,26.920595169067383
2025-07-31,47.62732696533203,302.9599914550781,76.15913391113281,217.134765625,562.3018798828125,625.1531372070312,83.43867492675781,79.58999633789062,26.978612899780273
2025-08-01,47.27424240112305,309.1099853515625,76.16294860839844,212.71070861816406,551.2251586914062,614.9066162109375,84.6248779296875,77.45999908447266,26.65951156616211
2025-08-04,47.7646369934082,310.9100036621094,76.4200668334961,217.47125244140625,561.3961791992188,624.2530517578125,84.85614776611328,76.11000061035156,26.64984130859375
2025-08-05,47.901947021484375,311.1600036621094,76.38196563720703,218.5797576904297,557.5845336914062,621.088134765625,85.11631774902344,75.0199966430664,26.64984130859375
2025-08-06,48.12752914428711,310.5,76.45816040039062,218.29270935058594,564.600830078125,625.8455200195312,84.6248779296875,73.79000091552734,26.49512481689453
2025-08-07,48.5296516418457,313.1199951171875,76.38196563720703,217.58013916015625,566.5115356445312,625.3212890625,84.48033142089844,73.41999816894531,26.475786209106445
2025-08-08,48.490421295166016,313.04998779296875,76.39149475097656,218.05520629882812,571.796142578125,630.197265625,84.11416625976562,73.30000305175781,26.52413558959961
2025-08-11,48.353111267089844,308.54998779296875,76.39149475097656,218.00572204589844,570.1041870117188,628.9510498046875,84.21052551269531,73.80000305175781,26.630502700805664
2025-08-12,48.94158935546875,308.2699890136719,76.56290435791016,224.4784698486328,577.269775390625,635.6468505859375,83.78653717041016,72.94999694824219,26.49512481689453
2025-08-13,49.53006362915039,309.2099914550781,76.76287841796875,228.8431396484375,577.558349609375,637.82275390625,84.48033142089844,72.45999908447266,26.42743682861328
2025-08-14,48.921974182128906,307.25,76.56290435791016,225.89378356933594,577.1105346679688,637.8821411132812,83.85398864746094,73.73999786376953,26.52413558959961
2025-08-15,48.98081970214844,307.42999267578125,76.62004852294922,224.79519653320312,574.57275390625,636.388671875,83.25654602050781,72.80000305175781,26.43710708618164
2025-08-18,49.26525115966797,306.95001220703125,76.56290435791016,225.61666870117188,574.3438110351562,636.2501831054688,83.01565551757812,73.16999816894531,26.50479507446289
2025-08-19,48.86312484741211,305.2699890136719,76.54385375976562,223.88465881347656,566.5514526367188,632.7984008789062,83.49744415283203,72.30000305175781,26.57248306274414
2025-08-20,48.794471740722656,308.3599853515625,76.51528930664062,223.09286499023438,563.1876220703125,631.1170043945312,83.6805191040039,73.5199966430664,26.553142547607422
2025-08-21,48.68658447265625,307.2900085449219,76.37242126464844,223.6471405029297,560.5801391601562,628.5850830078125,83.26618194580078,74.12999725341797,26.688520431518555
2025-08-22,49.657569885253906,310.5799865722656,76.99140930175781,232.41603088378906,569.2284545898438,638.2381591796875,83.88289642333984,74.63999938964844,26.42743682861328
2025-08-25,49.373138427734375,309.8299865722656,76.83906555175781,229.971435546875,567.58642578125,635.42919921875,83.6419906616211,75.75,26.64017105102539
2025-08-26,49.245635986328125,312.0799865722656,77.01046752929688,231.8717041015625,569.8653564453125,638.0897827148438,83.59381103515625,74.05000305175781,26.57248306274414
2025-08-27,48.95139694213867,312.7099914550781,77.10570526123047,233.51463317871094,570.7412109375,639.5436401367188,83.49744415283203,74.68000030517578,26.5821533203125
2025-08-28,49.13774490356445,315.0299987792969,77.14379119873047,233.79176330566406,574.31396484375,641.80859375,84.04672241210938,75.23999786376953,26.485454559326172
2025-08-29,48.90235900878906,318.07000732421875,77.0009536743164,232.75253295898438,567.666015625,637.98095703125,83.44927215576172,74.83999633789062,26.46611785888672
2025-09-02,48.86312484741211,325.5899963378906,76.9177017211914,231.49560546875,562.908935546875,633.2533569335938,82.82826232910156,76.76000213623047,26.64017105102539
2025-09-03,49.04947280883789,328.1400146484375,77.12821197509766,231.26795959472656,567.3375854492188,636.685302734375,83.73751068115234,74.83000183105469,26.59182357788086
2025-09-04,48.892547607421875,326.69000244140625,77.33870697021484,234.15792846679688,572.4727783203125,642.0064697265625,84.37593078613281,74.18000030517578,26.630502700805664
2025-09-05,49.48102569580078,331.04998779296875,77.3769760131836,235.3258056640625,573.298828125,640.1469116210938,85.66239929199219,72.62999725341797,26.49512481689453
2025-09-08,49.93218994140625,334.82000732421875,77.3769760131836,235.8008575439453,576.095458984375,641.7196655273438,86.80378723144531,73.04000091552734,26.408098220825195
2025-09-09,50.206809997558594,334.05999755859375,77.2908706665039,234.41526794433594,577.7275390625,643.203125,86.31050872802734,73.38999938964844,26.51446533203125
2025-09-10,50.55009078979492,335.260009765625,77.3482666015625,233.9995880126953,577.9166259765625,645.0625610351562,86.80378723144531,74.70999908447266,26.53380584716797
2025-09-11,51.28568649291992,334.760009765625,77.53963470458984,238.32467651367188,581.2803955078125,650.423095703125,87.3841552734375,73.0,26.44677734375
2025-09-12,51.25625991821289,335.4200134277344,77.46309661865234,235.88995361328125,583.8480834960938,650.2054443359375,87.00692749023438,73.30999755859375,26.485454559326172
2025-09-15,51.62895965576172,338.9100036621094,77.68315887451172,236.8895721435547,588.843994140625,653.6671752929688,87.2100601196289,74.2300033569336,26.398427963256836
2025-09-16,52.011470794677734,339.5899963378906,77.625732421875,236.49951171875,588.3463134765625,652.7671508789062,87.39384460449219,75.66999816894531,26.234041213989258
2025-09-17,52.23705291748047,336.9700012207031,77.54920196533203,237.10494995117188,587.1720581054688,651.9561767578125,87.1713638305664,74.97000122070312,26.321069717407227
2025-09-18,52.109554290771484,335.6199951171875,77.72142791748047,243.01048278808594,592.466552734375,655.0023803710938,86.27179718017578,74.69000244140625,26.44677734375
2025-09-19,51.99185562133789,339.17999267578125,77.75012969970703,241.1643829345703,596.4771118164062,658.2465209960938,86.10734558105469,73.5199966430664,26.52413558959961
2025-09-22,52.24686050415039,345.04998779296875,77.80754852294922,242.5638427734375,600.0083618164062,661.3607177734375,85.7978286743164,73.44999694824219,26.42743682861328
2025-09-23,52.276283264160156,346.4599914550781,77.75012969970703,242.0179443359375,596.02294921875,657.7606201171875,86.39754486083984,75.05000305175781,26.408098220825195
2025-09-24,52.0997428894043,343.32000732421875,77.6448745727539,239.79470825195312,593.9305419921875,655.6678466796875,86.06866455078125,76.38999938964844,26.60149383544922
2025-09-25,51.79569625854492,344.75,77.42481231689453,237.501953125,591.3699340820312,652.6429443359375,86.06866455078125,76.98999786376953,26.785219192504883
2025-09-26,51.69761657714844,346.739990234375,77.57789611816406,239.53663635253906,593.801025390625,656.3820190429688,85.99127197265625,77.0199966430664,26.688520431518555
2025-09-29,52.16839599609375,352.4599914550781,77.71185302734375,239.81454467773438,596.5509643554688,658.2266845703125,86.69739532470703,74.58999633789062,26.630502700805664
2025-09-30,52.374366760253906,355.4700012207031,77.68315887451172,240.15200805664062,598.1849975585938,660.7061157226562,86.4458999633789,73.75,26.60149383544922
2025-10-01,52.78629684448242,356.0299987792969,77.82831573486328,240.67803955078125,601.0545043945312,662.95751953125,86.66915130615234,73.13999938964844,26.59182357788086
2025-10-02,53.031494140625,354.7900085449219,77.79946899414062,242.19662475585938,603.5255126953125,663.7210693359375,86.92152404785156,71.54000091552734,26.630502700805664
2025-10-03,53.18842315673828,357.6400146484375,77.71294403076172,243.99310302734375,600.9848022460938,663.7112426757812,86.75651550292969,71.70999908447266,26.5821533203125
2025-10-06,53.43362045288086,364.3800048828125,77.73218536376953,244.96575927734375,605.498291015625,666.0914916992188,86.0673599243164,72.87000274658203,26.707860946655273
2025-10-07,53.021690368652344,366.260009765625,77.64566802978516,242.3355712890625,602.3099975585938,663.6219482421875,86.56239318847656,73.19999694824219,26.862577438354492
2025-10-08,53.44343185424805,372.29998779296875,77.53031158447266,244.87644958496094,609.2147216796875,667.5791625976562,86.63033294677734,73.52999877929688,26.920595169067383
2025-10-09,52.89418411254883,365.42999267578125,77.30919647216797,243.29832458496094,608.4774169921875,665.6452026367188,86.56239318847656,72.51000213623047,27.104320526123047
2025-10-10,50.942405700683594,369.1199951171875,76.85737609863281,236.01316833496094,587.3546142578125,647.6542358398438,87.96011352539062,69.38999938964844,26.968942642211914
2025-10-13,52.423404693603516,378.0899963378906,77.33802795410156,242.58370971679688,599.8190307617188,657.5919189453125,87.91159057617188,70.27999877929688,27.065641403198242
2025-10-14,51.9526252746582,380.7900085449219,77.42455291748047,246.047607421875,595.8236694335938,656.78857421875,88.19306945800781,69.0,26.988283157348633
2025-10-15,52.80591583251953,387.3900146484375,77.67449951171875,248.45947265625,600.0282592773438,659.7044677734375,87.99893951416016,68.98999786376953,26.910924911499023
2025-10-16,53.14918899536133,396.45001220703125,77.39571380615234,243.2288360595703,597.806396484375,655.211669921875,88.65898895263672,67.80999755859375,26.80455780029297
2025-10-17,53.139381408691406,388.989990234375,77.59759521484375,241.5911865234375,601.7320556640625,658.9308471679688,88.5230941772461,67.9800033569336,26.833566665649414
2025-10-20,53.865169525146484,403.1499938964844,77.75141143798828,246.30567932128906,609.3143310546875,665.7840576171875,88.86283111572266,67.83000183105469,26.901254653930664
2025-10-21,53.26689147949219,377.239990234375,77.63604736328125,245.14443969726562,609.1549682617188,665.7740478515625,89.29959869384766,68.2699966430664,27.00762367248535
2025-10-22,53.21784591674805,377.2799987792969,77.55913543701172,241.52169799804688,603.286376953125,662.3128051757812,89.35784912109375,70.62999725341797,26.978612899780273
2025-10-23,53.688629150390625,378.7900085449219,77.73218536376953,244.57867431640625,608.35791015625,666.2402954101562,88.74634552001953,73.29000091552734,26.988283157348633
2025-10-24,54.04171371459961,377.5199890136719,77.94366455078125,247.56619262695312,614.8541259765625,671.6851806640625,88.78517150878906,73.18000030517578,26.988283157348633
2025-10-27,54.63999938964844,367.010009765625,78.13592529296875,248.4296875,625.80419921875,679.6094970703125,89.08607482910156,73.12000274658203,26.959272384643555
2025-10-28,54.62038040161133,364.3800048828125,78.05902099609375,247.09970092773438,630.6165161132812,681.41455078125,89.31901550292969,71.38999938964844,26.9399356842041
2025-10-29,54.934234619140625,363.0,77.81868743896484,244.9955291748047,633.4561767578125,681.7418212890625,88.41632080078125,71.80000305175781,27.094650268554688
2025-10-30,54.36537551879883,370.1300048828125,77.67449951171875,243.02041625976562,623.7715454101562,674.2439575195312,87.90187072753906,71.70999908447266,27.201017379760742
2025-10-31,54.23787307739258,368.1199951171875,77.67449951171875,244.39010620117188,626.780517578125,676.4556274414062,87.63980102539062,72.55999755859375,27.27837562561035
2025-11-03,54.581153869628906,368.7799987792969,77.43292999267578,243.6060028076172,629.7796020507812,677.7251586914062,87.42062377929688,72.73999786376953,27.297714233398438
2025-11-04,53.58074188232422,362.32000732421875,77.4426040649414,239.39768981933594,616.996337890625,669.6917114257812,87.61544799804688,71.93000030517578,27.384742736816406
2025-11-05,54.06132888793945,366.510009765625,77.5198974609375,242.85166931152344,621.0116577148438,672.012451171875,86.66078186035156,71.02999877929688,27.394412994384766
2025-11-06,53.659202575683594,366.07000732421875,77.54888916015625,238.55404663085938,609.4439086914062,664.8021850585938,87.44010162353516,70.87999725341797,27.249366760253906
2025-11-07,53.50227737426758,368.30999755859375,77.61652374267578,239.80462646484375,607.5209350585938,665.4567260742188,87.25502014160156,71.26000213623047,27.230026245117188
2025-11-10,54.4438362121582,378.3800048828125,77.87740325927734,242.20654296875,620.9617919921875,675.8407592773438,87.23553466796875,71.68000030517578,27.249366760253906
2025-11-11,54.502685546875,379.8699951171875,77.96437072753906,242.4149932861328,619.307861328125,677.3878784179688,87.63493347167969,72.72000122070312,27.2106876373291
2025-11-12,54.51249313354492,385.989990234375,77.80976867675781,241.81944274902344,618.8197021484375,677.7647705078125,87.7907943725586,69.79000091552734,27.220355987548828
2025-11-13,53.87498092651367,382.8699951171875,77.49090576171875,235.02064514160156,606.1858520507812,666.5179443359375,87.0699234008789,69.8499984741211,27.14299964904785
2025-11-14,53.90440368652344,375.9599914550781,77.51023864746094,235.7054901123047,606.64404296875,666.408935546875,86.57311248779297,71.37999725341797,27.181678771972656
2025-11-17,53.26689147949219,371.6499938964844,77.38463592529297,231.02073669433594,601.4630126953125,660.2003173828125,86.78742218017578,71.30000305175781,27.249366760253906
2025-11-18,53.002071380615234,374.3500061035156,77.4039535522461,231.7254638671875,594.1397705078125,654.6563110351562,86.75819396972656,72.5,27.27837562561035
2025-11-19,52.81571960449219,374.9599914550781,77.4426040649414,231.6857452392578,597.686767578125,657.1853637695312,86.58283996582031,70.87999725341797,27.452430725097656
2025-11-20,52.089935302734375,374.8500061035156,77.39429473876953,227.3980255126953,583.5385131835938,647.1683349609375,86.9238052368164,70.1500015258789,27.471771240234375
2025-11-21,52.08012771606445,374.2699890136719,77.65518188476562,233.83953857421875,587.9224853515625,653.6149291992188,87.18682098388672,69.30000305175781,27.452430725097656
2025-11-24,52.629371643066406,380.20001220703125,77.86774444580078,238.10739135742188,602.9575805664062,663.235107421875,87.68364715576172,70.41999816894531,27.452430725097656
2025-11-25,52.81571960449219,380.0799865722656,78.13829803466797,243.29832458496094,606.6740112304688,669.4734497070312,87.90769958496094,69.25,27.375072479248047
2025-11-26,53.19823455810547,383.1199951171875,78.215576171875,245.45211791992188,612.034423828125,674.09521484375,88.29735565185547,70.04000091552734,27.297714233398438
2025-11-28,53.276695251464844,387.8800048828125,78.25423431396484,246.89126586914062,616.996337890625,677.7747192382812,87.87846374511719,71.06999969482422,27.27837562561035
2025-12-01,53.237464904785156,389.75,78.11347961425781,243.78465270996094,614.923828125,674.6803588867188,86.78449249267578,71.05999755859375,27.268707275390625
2025-12-02,53.257080078125,387.239990234375,78.25909423828125,243.33802795410156,619.7362670898438,675.9300537109375,86.82359313964844,70.19999694824219,27.259037017822266
2025-12-03,53.29631423950195,386.8800048828125,78.32703399658203,247.7646942138672,621.2507934570312,678.2706298828125,87.0680160522461,70.66000366210938,27.123659133911133
2025-12-04,53.28650665283203,387.1300048828125,78.3852767944336,249.93833923339844,620.6729125976562,678.7664794921875,86.59874725341797,71.38999938964844,27.181678771972656
2025-12-05,53.688629150390625,386.44000244140625,78.3852767944336,248.89617919921875,623.20361328125,680.0557861328125,86.19792175292969,71.91999816894531,27.152667999267578
2025-12-08,53.57093048095703,385.4200134277344,78.19113159179688,248.9954376220703,622.0079956054688,678.0127563476562,85.9144058227539,70.48999786376953,27.191349029541016
2025-12-09,53.482662200927734,387.3999938964844,78.10376739501953,249.5115509033203,622.775146484375,677.427490234375,86.00238800048828,69.86000061035156,27.230026245117188
2025-12-10,54.0809440612793,389.04998779296875,78.36587524414062,252.906005859375,625.3258666992188,681.92041015625,86.33478546142578,70.54000091552734,27.084980010986328
2025-12-11,53.8259391784668,393.239990234375,78.35615539550781,255.87362670898438,623.3032836914062,683.5072021484375,86.21747589111328,69.25,26.988283157348633
2025-12-12,53.19823455810547,395.44000244140625,78.2105484008789,251.9531707763672,611.3867797851562,676.1580810546875,85.38648223876953,68.80999755859375,27.026962280273438
2025-12-15,53.04130554199219,395.79998779296875,78.24938201904297,250.04750061035156,608.3179931640625,675.1365356445312,85.44514465332031,67.88999938964844,27.00762367248535
2025-12-16,52.70604705810547,395.8900146484375,78.29790496826172,248.8644256591797,609.5235595703125,673.2918701171875,85.9144058227539,66.16999816894531,26.978612899780273
2025-12-17,52.32801055908203,399.2900085449219,78.20083618164062,246.2154541015625,598.2247924804688,665.8832397460938,85.83619689941406,67.9800033569336,27.036630630493164
2025-12-18,52.92491149902344,398.57000732421875,78.41439819335938,247.6793670654297,606.8931884765625,670.9114990234375,86.2468032836914,67.19000244140625,27.055971145629883
2025-12-19,53.442222595214844,399.0199890136719,78.37635803222656,249.750732421875,614.8043212890625,676.9923095703125,85.92488861083984,68.02999877929688,27.14299964904785
2025-12-22,53.73072052001953,408.2300109863281,78.44463348388672,252.52919006347656,617.7513427734375,681.2098999023438,85.73841094970703,69.7300033569336,27.030000686645508
2025-12-23,54.029170989990234,413.6400146484375,78.5031509399414,251.035400390625,620.6444702148438,684.3233032226562,85.87581634521484,70.30000305175781,26.940000534057617
2025-12-24,54.13859939575195,411.92999267578125,78.64944458007812,251.6627960205078,622.460205078125,686.7305297851562,86.3959732055664,70.19999694824219,26.950000762939453
2025-12-26,54.51663589477539,416.739990234375,78.61043548583984,250.37814331054688,622.4203491210938,686.660888671875,86.1113510131836,68.4800033569336,26.969999313354492
2025-12-29,54.37736129760742,398.6000061035156,78.63970184326172,248.8445281982422,619.4074096679688,684.2138671875,86.43524169921875,69.61000061035156,26.979999542236328
2025-12-30,54.596221923828125,398.8900146484375,78.71772003173828,247.00218200683594,617.9707641601562,683.3783569335938,86.2291259765625,69.73999786376953,27.049999237060547
2025-12-31,54.427101135253906,396.30999755859375,78.63970184326172,245.1399383544922,612.8628540039062,678.3152465820312,85.5421371459961,69.16000366210938,27.030000686645508
2026-01-02,55.94919204711914,398.2799987792969,78.6787109375,247.7490692138672,611.6756591796875,679.55859375,85.41454315185547,68.95999908447266,27.110000610351562
2026-01-05,56.565982818603516,408.760009765625,78.8835220336914,251.68270874023438,616.5341796875,684.0845336914062,85.83656311035156,70.22000122070312,27.06999969482422
2026-01-06,56.98381042480469,413.17999267578125,78.90303802490234,255.01881408691406,621.951416015625,688.1529541015625,85.65990447998047,68.51000213623047,27.15999984741211
2026-01-07,56.556034088134766,409.2300109863281,78.8835220336914,254.4213104248047,622.550048828125,685.9347534179688,86.16043853759766,67.79000091552734,27.200000762939453
2026-01-08,56.575931549072266,411.489990234375,78.94204711914062,257.1997375488281,619.0083618164062,685.8651123046875,85.72860717773438,70.54000091552734,27.270000457763672
2026-01-09,56.84453582763672,414.4700012207031,79.00056457519531,259.1516418457031,625.173828125,690.4010009765625,86.29783630371094,70.77999877929688,27.329999923706055
2026-01-12,57.64039611816406,422.2300109863281,79.03958892822266,260.4163513183594,625.6925659179688,691.4852294921875,86.04266357421875,71.6500015258789,27.280000686645508
2026-01-13,57.21261978149414,421.6300048828125,79.03958892822266,260.2669982910156,624.7647705078125,690.1026000976562,86.18988800048828,73.4800033569336,27.350000381469727
2026-01-14,57.45138168334961,425.94000244140625,79.03958892822266,262.099365234375,618.0905151367188,686.7106323242188,86.69042205810547,72.61000061035156,27.329999923706055
2026-01-15,57.78962326049805,423.3299865722656,79.03958892822266,264.4097595214844,620.3153076171875,688.5806884765625,86.67078399658203,71.12999725341797,27.43000030517578
2026-01-16,57.57075881958008,421.2900085449219,79.08833312988281,264.6587219238281,619.7965087890625,688.0037231445312,86.17024993896484,71.6500015258789,27.43000030517578
2026-01-20,57.01365661621094,437.2300109863281,78.8835220336914,261.49188232421875,606.6276245117188,673.9981689453125,85.0416030883789,71.86000061035156,27.209999084472656
2026-01-21,57.958744049072266,443.6000061035156,79.11759948730469,266.6802978515625,614.8282470703125,681.77685546875,85.68934631347656,73.33999633789062,27.270000457763672
2026-01-22,58.39646911621094,451.7900085449219,79.1761245727539,268.6720275878906,619.2976684570312,685.3379516601562,86.06228637695312,71.81999969482422,27.149999618530273
2026-01-23,58.764556884765625,458.0,79.1371078491211,263.712646484375,621.2530517578125,685.5865478515625,86.29783630371094,73.94999694824219,26.90999984741211
2026-01-26,58.864036560058594,464.70001220703125,79.1761245727539,262.8861083984375,623.9866333007812,689.0680541992188,86.71004486083984,73.4800033569336,26.780000686645508
2026-01-27,60.02798843383789,476.1000061035156,79.16636657714844,263.63299560546875,629.6432495117188,691.8134765625,86.17024993896484,75.66000366210938,26.469999313354492
2026-01-28,60.43586730957031,494.55999755859375,79.03958892822266,262.2088928222656,631.728271484375,691.7438354492188,85.97396850585938,76.62000274658203,26.6299991607666
2026-01-29,60.127471923828125,495.8999938964844,79.02981567382812,262.27862548828125,627.9472045898438,690.3711547851562,85.99359130859375,79.13999938964844,26.59000015258789
2026-01-30,58.79439926147461,444.95001220703125,79.11759948730469,258.57403564453125,620.405029296875,688.3120727539062,85.51268005371094,79.5199966430664,26.850000381469727
2026-02-02,58.97346878051758,427.1300048828125,79.16563415527344,261.0935363769531,624.6650390625,691.7339477539062,85.26836395263672,75.33000183105469,26.989999771118164
2026-02-03,59.291812896728516,454.2900085449219,79.11662292480469,261.6910705566406,615.0676879882812,685.885009765625,85.47525787353516,77.47000122070312,26.920000076293945
2026-02-04,58.49595260620117,453.9700012207031,79.01861572265625,259.4404296875,604.322998046875,682.5626831054688,85.25851440429688,77.87999725341797,27.010000228881836
2026-02-05,58.22734832763672,441.8800048828125,78.9303970336914,254.76986694335938,595.6235961914062,674.0379638671875,86.1845932006836,76.69000244140625,27.09000015258789
2026-02-06,59.75938415527344,455.4599914550781,79.204833984375,263.9217834472656,608.2138671875,686.96923828125,86.24370574951172,76.98999786376953,27.010000228881836
2026-02-09,60.19710922241211,467.0299987792969,79.3126449584961,265.7740783691406,612.8728637695312,690.2816772460938,86.22399139404297,78.0199966430664,26.790000915527344
2026-02-10,60.286643981933594,462.3999938964844,79.2342300415039,265.0570373535156,610.029541015625,688.4613037109375,87.21903991699219,78.02999877929688,26.799999237060547
2026-02-11,61.24168014526367,467.6300048828125,79.22444152832031,263.8520812988281,611.6657104492188,688.3021850585938,86.75599670410156,78.88999938964844,26.829999923706055
2026-02-12,60.5452995300293,451.3900146484375,79.18523406982422,258.4645080566406,599.22509765625,677.668701171875,87.90868377685547,76.37999725341797,26.81999969482422
2026-02-13,60.803955078125,462.6199951171875,79.24403381347656,261.8703308105469,600.5020141601562,678.1461181640625,88.39141845703125,76.22000122070312,26.81999969482422
2026-02-17,60.55524826049805,448.20001220703125,79.204833984375,261.95001220703125,599.8834838867188,679.2402954101562,88.5392074584961,75.7300033569336,26.90999984741211
2026-02-18,60.873592376708984,458.2799987792969,79.30284881591797,262.89605712890625,604.3629760742188,682.662109375,88.20423126220703,79.4000015258789,27.079999923706055
2026-02-19,60.724369049072266,459.55999755859375,79.3322525024414,263.5035095214844,602.04833984375,680.8616333007812,88.29290008544922,81.19000244140625,27.1200008392334
2026-02-20,62.01764678955078,468.6199951171875,79.39105987548828,263.51348876953125,607.3757934570312,685.7855834960938,88.08601379394531,80.8499984741211,27.09000015258789
2026-02-23,61.331214904785156,481.2799987792969,79.2636489868164,259.4105224609375,599.9932250976562,678.7827758789062,88.41112518310547,80.9000015258789,27.09000015258789
2026-02-24,62.296199798583984,474.6099853515625,79.204833984375,262.23876953125,606.4380493164062,683.7164916992188,88.56875610351562,80.76000213623047,27.110000610351562
2026-02-25,62.98263168334961,473.4200134277344,79.3126449584961,263.48358154296875,615.227294921875,689.4859008789062,88.57860565185547,79.7300033569336,27.079999923706055
2026-02-26,62.38573455810547,477.4800109863281,79.24403381347656,264.88775634765625,607.8048095703125,685.6561889648438,88.93326568603516,79.7699966430664,27.100000381469727
2026-02-27,62.25640869140625,483.75,79.11662292480469,260.3267517089844,605.8594360351562,682.3637084960938,89.47512817382812,81.94999694824219,27.079999923706055
2026-03-02,61.18199157714844,490.0,79.0713119506836,262.716796875,606.6575317382812,682.751708984375,88.57660675048828,87.19000244140625,27.329999923706055
2026-03-03,58.117916107177734,468.1400146484375,78.91372680664062,258.16571044921875,600.162841796875,676.7337036132812,88.39868927001953,90.19999694824219,27.459999084472656
2026-03-04,58.744659423828125,471.79998779296875,79.18951416015625,260.67529296875,609.3112182617188,681.5082397460938,88.12191772460938,91.55999755859375,27.40999984741211
2026-03-05,57.33200454711914,466.1300048828125,78.87432098388672,255.69601440429688,607.4755859375,677.70849609375,87.76606750488281,96.30999755859375,27.479999542236328
2026-03-06,57.02360534667969,473.510009765625,78.49019622802734,249.850341796875,598.337158203125,668.82568359375,87.43987274169922,108.7699966430664,27.469999313354492
2026-03-09,58.147762298583984,472.5299987792969,78.96296691894531,252.5690155029297,606.3283081054688,674.6845703125,88.20100402832031,104.33000183105469,27.459999084472656
2026-03-10,58.37657165527344,477.8599853515625,78.83493041992188,252.31008911132812,606.3383178710938,673.6002807617188,87.26194763183594,105.86000061035156,27.450000762939453
2026-03-11,58.52579879760742,476.239990234375,78.65763854980469,251.80223083496094,606.2584228515625,672.7548217773438,86.13509368896484,108.05000305175781,27.549999237060547
2026-03-12,56.655517578125,466.8800048828125,78.15531158447266,246.384765625,595.85302734375,662.5390625,85.96705627441406,118.38999938964844,27.68000030517578
2026-03-13,56.50629425048828,460.8399963378906,78.00757598876953,245.56814575195312,592.3213500976562,658.7890014648438,85.54202270507812,119.88999938964844,27.889999389648438
2026-03-16,58.078125,460.42999267578125,78.25381469726562,247.8885040283203,598.9656982421875,665.493408203125,86.20428466796875,115.02999877929688,27.729999542236328
2026-03-17,58.44620895385742,459.2699890136719,78.60839080810547,249.45677185058594,601.8887939453125,667.2440185546875,86.44152069091797,118.83999633789062,27.68000030517578
2026-03-18,57.262367248535156,444.739990234375,78.2045669555664,245.43634033203125,593.4986572265625,657.9335327148438,85.95716857910156,121.66999816894531,27.850000381469727
2026-03-19,57.322052001953125,426.4100036621094,78.46064758300781,247.04251098632812,591.623046875,656.3121948242188,86.48106384277344,117.36000061035156,27.579999923706055
2026-03-20,55.352291107177734,413.3800048828125,77.7317886352539,241.64535522460938,580.6888427734375,646.9034423828125,84.8402099609375,121.43000030517578,27.68000030517578
2026-03-23,57.01365661621094,404.0400085449219,78.24395751953125,246.86293029785156,587.3545532226562,653.6959228515625,85.39374542236328,110.55999755859375,27.559999465942383
2026-03-24,56.22774124145508,404.1300048828125,77.97802734375,248.18978881835938,583.3389282226562,651.5015869140625,85.01812744140625,114.54000091552734,27.649999618530273
2026-03-25,57.123085021972656,416.2900085449219,78.2242660522461,251.2225799560547,587.1747436523438,655.1322021484375,85.83855438232422,113.38999938964844,27.700000762939453
2026-03-26,55.18317413330078,400.6400146484375,77.7317886352539,246.85296630859375,573.1600952148438,643.432373046875,85.11697387695312,117.26000213623047,27.809999465942383
2026-03-27,54.91456985473633,414.70001220703125,77.53480529785156,242.5232696533203,561.9624633789062,632.4606323242188,84.65238952636719,124.19999694824219,27.84000015258789
2026-03-30,54.466896057128906,414.5799865722656,77.62344360351562,239.04153442382812,557.6671752929688,630.3460693359375,85.77924346923828,129.8300018310547,27.979999542236328
2026-03-31,56.49634552001953,430.2900085449219,78.36215209960938,247.41163635253906,576.54638671875,648.6688842773438,85.6902847290039,127.25,27.780000686645508
2026-04-01,56.9340705871582,437.82000732421875,78.55416107177734,248.96792602539062,583.6685791015625,653.5562744140625,85.6059341430664,124.08999633789062,27.729999542236328
2026-04-02,56.29737854003906,429.4100036621094,78.74220275878906,250.69381713867188,584.3378295898438,654.144775390625,86.13191223144531,137.9199981689453,27.860000610351562
2026-04-06,56.814693450927734,427.6499938964844,78.88076782226562,251.76129150390625,587.85400390625,657.23681640625,85.99297332763672,138.94000244140625,27.829999923706055
2026-04-07,57.01365661621094,431.80999755859375,78.90056610107422,252.3099822998047,587.9439086914062,657.5260009765625,85.98304748535156,138.0800018310547,27.75
2026-04-08,60.127471923828125,434.5299987792969,79.36573791503906,259.85205078125,605.4246826171875,674.27294921875,86.26092529296875,124.58000183105469,27.530000686645508
2026-04-09,59.968299865722656,437.9100036621094,79.4548110961914,261.3385009765625,609.5202026367188,678.162841796875,86.04259490966797,126.95999908447266,27.479999542236328
2026-04-10,60.24685287475586,437.1300048828125,79.13809204101562,260.6800537109375,610.3992309570312,677.7140502929688,85.83418273925781,124.81999969482422,27.440000534057617
2026-04-13,60.754215240478516,435.3599853515625,79.43501281738281,264.4411315917969,616.7122802734375,684.3369750976562,86.09221649169922,128.47000122070312,27.3799991607666
2026-04-14,61.91816711425781,445.0899963378906,79.67254638671875,268.0824890136719,627.909912109375,692.675537109375,86.5487289428711,123.8499984741211,27.31999969482422
2026-04-15,61.87837219238281,440.4599914550781,79.6329574584961,268.75091552734375,636.7003173828125,698.1414184570312,86.1716079711914,122.58999633789062,27.290000915527344
2026-04-16,62.127079010009766,440.0799865722656,79.52408599853516,269.3095703125,639.7669067382812,699.8569946289062,85.62577819824219,125.83999633789062,27.3700008392334
2026-04-17,63.3109245300293,445.92999267578125,79.82100677490234,275.125732421875,648.1376953125,708.3152465820312,86.40978240966797,116.04000091552734,27.360000610351562
2026-04-20,62.85330581665039,442.0899963378906,79.7517318725586,276.6920166015625,646.0799560546875,706.8988037109375,86.38994598388672,121.31999969482422,27.31999969482422
2026-04-21,61.9281120300293,429.57000732421875,79.54388427734375,273.8587646484375,643.6226806640625,702.2708129882812,85.91357421875,128.25,27.469999313354492
2026-04-22,63.052268981933594,435.260009765625,79.67254638671875,275.8240661621094,654.390869140625,709.3825073242188,86.08228302001953,129.39999389648438,27.479999542236328
2026-04-23,62.02759552001953,431.0400085449219,79.54388427734375,274.8663330078125,650.7048950195312,706.6295776367188,85.89373016357422,134.72000122070312,27.530000686645508
2026-04-24,63.41040802001953,433.25,79.65275573730469,275.99365234375,663.1512451171875,712.10546875,86.05252075195312,132.39999389648438,27.479999542236328
2026-04-27,63.3109245300293,429.8900146484375,79.68244171142578,276.4825134277344,663.5008544921875,713.332275390625,85.62577819824219,134.72000122070312,27.450000762939453
2026-04-28,62.66428756713867,421.9100036621094,79.57357788085938,273.2601623535156,656.8281860351562,709.8612060546875,85.71509552001953,139.60000610351562,27.530000686645508
2026-04-29,62.36583709716797,417.4100036621094,79.30635070800781,271.4344787597656,660.84375,709.7515258789062,85.0501708984375,150.6300048828125,27.610000610351562
2026-04-30,63.65911865234375,423.6600036621094,79.55377960205078,277.310546875,667.0069580078125,716.8132934570312,84.97077941894531,147.08999633789062,27.360000610351562
2026-05-01,63.79838943481445,423.17999267578125,79.65227508544922,278.617431640625,673.4099731445312,718.7982177734375,85.27458953857422,142.8000030517578,27.40999984741211
2026-05-04,63.7685432434082,414.7099914550781,79.39360046386719,277.22076416015625,672.141357421875,716.1649780273438,84.62712860107422,147.61000061035156,27.479999542236328
2026-05-05,65.06182861328125,418.2699890136719,79.51298522949219,281.8896484375,680.8617553710938,721.9102172851562,85.09529113769531,144.1699981689453,27.5
2026-05-06,67.1410140991211,430.9599914550781,79.75177001953125,286.11956787109375,695.0062255859375,731.9443359375,85.74274444580078,133.9499969482422,27.350000381469727
2026-05-07,66.24566650390625,431.67999267578125,79.45329284667969,281.5903625488281,694.1771240234375,729.7001342773438,85.3144302368164,134.97000122070312,27.40999984741211
2026-05-08,67.58869171142578,433.7699890136719,79.73186492919922,283.495849609375,710.44921875,735.724609375,85.74274444580078,133.58999633789062,27.34000015258789
2026-05-11,67.53894805908203,434.6499938964844,79.57268524169922,284.6530456542969,712.5069580078125,737.4002685546875,85.22477722167969,138.66000366210938,27.350000381469727
2026-05-12,65.47965240478516,432.92999267578125,79.46324920654297,281.8996276855469,706.463623046875,736.2831420898438,84.65701293945312,144.3000030517578,27.450000762939453
2026-05-13,66.86246490478516,430.5,79.50304412841797,281.9993896484375,713.9254760742188,740.4025268554688,84.46776580810547,142.0399932861328,27.510000228881836
2026-05-14,67.03158569335938,427.2099914550781,79.44334411621094,283.7751770019531,718.9998168945312,746.2474975585938,84.58728790283203,143.0,27.6200008392334
2026-05-15,64.73352813720703,417.2900085449219,79.05532836914062,276.94140625,708.1517944335938,737.2706298828125,83.33222961425781,148.22999572753906,27.770000457763672
2026-05-18,64.63404846191406,418.42999267578125,79.13492584228516,275.3152770996094,705.1051025390625,736.751953125,83.23261260986328,149.2899932861328,27.700000762939453
2026-05-19,63.9277229309082,411.5,78.94589233398438,272.3523254394531,700.7599487304688,731.8446044921875,82.69473266601562,152.9600067138672,27.790000915527344
2026-05-20,65.12151336669922,417.3999938964844,79.45329284667969,279.2060241699219,712.3671875,739.3452758789062,83.58125305175781,144.27000427246094,27.729999542236328
2026-05-21,65.68856811523438,416.989990234375,79.49309539794922,281.8197937011719,713.7256469726562,740.8114624023438,83.89002990722656,142.5399932861328,27.729999542236328
2026-05-22,65.53933715820312,413.82000732421875,79.50304412841797,284.4435729980469,716.7523193359375,743.7239990234375,84.34822845458984,140.9199981689453,27.770000457763672
2026-05-26,68.04631042480469,414.0,79.77166748046875,289.82080078125,729.4783935546875,748.6613159179688,84.7665786743164,137.0,27.75
2026-05-27,68.03636169433594,408.489990234375,79.72191619873047,289.6811218261719,728.6492919921875,748.5316162109375,84.96580505371094,131.02999877929688,27.75
2026-05-28,68.2552261352539,412.7699890136719,79.8214111328125,291.3371887207031,734.79248046875,752.6609497070312,85.4040756225586,130.77999877929688,27.700000762939453
2026-05-29,68.24527740478516,417.1199951171875,79.9010009765625,289.740966796875,737.49951171875,754.5361328125,85.42400360107422,129.08999633789062,27.65999984741211
2026-06-01,69.7176284790039,411.260009765625,79.83999633789062,288.29443359375,741.9246826171875,756.5908203125,85.47000122070312,135.5,27.760000228881836
2026-06-02,70.43390655517578,411.95001220703125,79.9000015258789,290.9680480957031,745.3408813476562,757.6182250976562,85.6500015258789,137.27000427246094,27.760000228881836
2026-06-03,69.5584487915039,407.8699951171875,79.68000030517578,286.9875183105469,743.39306640625,752.3018798828125,85.30999755859375,140.86000061035156,27.860000610351562
2026-06-04,68.74269104003906,411.2699890136719,79.83000183105469,291.3172302246094,739.7969970703125,755.1445922851562,85.5,136.74000549316406,27.84000015258789
2026-06-05,64.25601196289062,396.239990234375,79.43000030517578,280.9817810058594,704.2860107421875,735.65478515625,85.05999755859375,133.02000427246094,28.020000457763672
2026-06-08,65.4100112915039,397.2699890136719,79.54000091552734,283.4359436035156,715.283935546875,737.3204345703125,84.62000274658203,135.14999389648438,28.030000686645508
2026-06-09,65.47965240478516,390.7799987792969,79.62000274658203,284.3437805175781,707.052978515625,735.1560668945312,85.12000274658203,131.3000030517578,28.010000228881836
2026-06-10,64.32565307617188,374.5799865722656,79.47000122070312,281.3808288574219,692.9285278320312,723.56591796875,84.87999725341797,134.3000030517578,28.049999237060547
2026-06-11,67.15096282958984,386.32000732421875,79.94000244140625,289.72100830078125,716.332763671875,735.8642578125,85.9800033569336,128.8300018310547,27.950000762939453
2026-06-12,67.52899932861328,386.5400085449219,79.94000244140625,292.2550048828125,720.5481567382812,739.843994140625,85.7699966430664,125.43000030517578,27.950000762939453
2026-06-15,69.75,396.54998779296875,80.04000091552734,294.6400146484375,743.1832885742188,752.890380859375,85.72000122070312,121.20999908447266,27.969999313354492
2026-06-16,68.63999938964844,397.6300048828125,80.02999877929688,292.0799865722656,729.0587768554688,748.4019775390625,86.19000244140625,115.47000122070312,27.93000030517578
