Date,CL=F,EEM,ES=F,EURUSD=X,GBPUSD=X,GC=F,GLD,HYG,IEF,IWM,JPY=X,LQD,NQ=F,QQQ,SPY,TLT,USO,UUP,ZN=F
2025-06-17,74.83999633789062,45.714778900146484,5985.0,1.1551345586776733,1.3565576076507568,3386.60009765625,311.94000244140625,74.9413833618164,90.9428939819336,206.40618896484375,144.72900390625,103.23784637451172,21730.5,525.9534301757812,589.2399291992188,82.74666595458984,82.30000305175781,26.475786209106445,110.84375
2025-06-18,75.13999938964844,45.7049674987793,5981.5,1.1482638120651245,1.3430029153823853,3389.800048828125,310.260009765625,75.05461120605469,91.00064849853516,207.49488830566406,145.37600708007812,103.31434631347656,21720.25,525.8638916015625,589.1510009765625,82.89014434814453,82.2699966430664,26.52413558959961,111.0625
2025-06-19,,,,1.1477497816085815,1.3416515588760376,,,,,,144.9550018310547,,,,,,,,
2025-06-20,74.93000030517578,45.44015884399414,6010.2099609375,1.1512778997421265,1.3476725816726685,3368.10009765625,310.1300048828125,75.29048919677734,91.05838775634766,207.0594024658203,145.21800231933594,103.40039825439453,21889.890625,523.7166748046875,587.7673950195312,82.73709869384766,83.12000274658203,26.49512481689453,110.984375
2025-06-23,68.51000213623047,45.81285858154297,6077.0,1.1500862836837769,1.3435983657836914,3377.699951171875,311.0799865722656,75.43199157714844,91.37604522705078,209.5930938720703,146.2239990234375,103.65857696533203,22073.5,529.1017456054688,593.5730590820312,83.00493621826172,76.41000366210938,26.38875961303711,111.453125
2025-06-24,64.37000274658203,46.99961853027344,6146.25,1.1599044799804688,1.3545364141464233,3317.39990234375,306.19000244140625,75.63956451416016,91.69369506835938,212.2653350830078,145.92799377441406,104.1462173461914,22412.75,537.1927490234375,600.1304321289062,83.60762023925781,73.0,26.253381729125977,111.65625
2025-06-25,64.91999816894531,47.03884506225586,6147.0,1.161224365234375,1.361488938331604,3327.10009765625,307.1199951171875,75.62071228027344,91.73219299316406,209.79103088378906,144.95700073242188,104.02191162109375,22461.0,538.5661010742188,600.4666137695312,83.71282958984375,73.30999755859375,26.185693740844727,111.6875
2025-06-26,65.23999786376953,47.35270309448242,6195.0,1.1683744192123413,1.369187831878662,3333.5,306.7799987792969,75.83769989013672,92.05946350097656,213.1956787109375,144.9040069580078,104.40437316894531,22669.25,543.6018676757812,605.1646118164062,84.13373565673828,73.58999633789062,26.07932472229004,112.015625
2025-06-27,65.5199966430664,47.166351318359375,6223.75,1.1692214012145996,1.37247633934021,3273.699951171875,301.2200012207031,75.79996490478516,91.81881713867188,213.26495361328125,144.69400024414062,104.2322769165039,22751.5,545.4629516601562,608.1712036132812,83.5980453491211,73.27999877929688,26.127676010131836,111.8125
2025-06-30,65.11000061035156,47.313472747802734,6253.75,1.1727453470230103,1.3719680309295654,3294.39990234375,304.8299865722656,76.09243774414062,92.18460083007812,213.57176208496094,144.51699829101562,104.80596923828125,22893.25,548.9959716796875,611.0790405273438,84.42072296142578,73.11000061035156,25.992298126220703,112.125
2025-07-01,65.44999694824219,47.4017448425293,6248.75,1.178717017173767,1.3730605840682983,3336.699951171875,307.54998779296875,75.99668884277344,92.013671875,215.76895141601562,143.8000030517578,104.9326400756836,22692.75,544.3682250976562,610.8812866210938,84.63003540039062,73.93000030517578,25.982629776000977,111.859375
2025-07-02,67.44999694824219,47.60770797729492,6275.0,1.180553913116455,1.374721646308899,3348.0,309.25,76.13887786865234,91.82056427001953,218.7578887939453,143.40199279785156,104.91344451904297,22843.0,548.1599731445312,613.650634765625,84.09235382080078,75.58999633789062,25.963289260864258,111.625
2025-07-03,67.0,47.823482513427734,6324.25,1.18002450466156,1.3650014400482178,3331.60009765625,307.1400146484375,76.186279296875,91.50191497802734,220.78683471679688,143.5260009765625,104.6639175415039,23062.5,553.553955078125,618.4869995117188,83.50663757324219,75.19000244140625,26.0889949798584,111.21875
2025-07-04,66.5,,6283.5,1.1771491765975952,1.366829752922058,3332.5,,,,,144.6820068359375,,22906.75,,,,,,111.359375
2025-07-07,67.93000030517578,47.14673614501953,6276.0,1.178078293800354,1.3651504516601562,3332.199951171875,307.3699951171875,75.93034362792969,91.21222686767578,217.47125244140625,144.4980010986328,104.04014587402344,22884.75,549.3840942382812,613.8779907226562,82.70967864990234,76.4800033569336,26.176023483276367,110.921875
2025-07-08,68.33000183105469,47.440975189208984,6272.0,1.1736538410186768,1.3623607158660889,3307.0,304.1600036621094,75.82605743408203,91.07703399658203,218.97564697265625,145.89199829101562,103.74263000488281,22896.75,549.6925659179688,613.5418090820312,82.60406494140625,76.95999908447266,26.195363998413086,110.78125
2025-07-09,68.37999725341797,47.362510681152344,6307.25,1.1724566221237183,1.3585295677185059,3311.60009765625,305.5199890136719,76.03460693359375,91.5501708984375,221.35096740722656,146.8489990234375,104.337646484375,23052.75,553.5838012695312,617.2210083007812,83.46823120117188,76.93000030517578,26.195363998413086,111.265625
2025-07-10,66.56999969482422,47.490013122558594,6324.25,1.17311692237854,1.3593051433563232,3317.39990234375,306.20001220703125,75.95878601074219,91.50191497802734,222.48915100097656,146.11399841308594,104.35682678222656,23013.25,552.7876586914062,618.9617919921875,83.52583312988281,75.38999938964844,26.243711471557617,111.21875
2025-07-11,68.44999694824219,47.33308792114258,6300.0,1.1702749729156494,1.3579576015472412,3356.0,309.1400146484375,75.86398315429688,91.07703399658203,219.42100524902344,146.28799438476562,103.72344207763672,22959.0,551.5436401367188,616.7858276367188,82.37362670898438,77.29000091552734,26.321069717407227,110.71875
2025-07-14,66.9800033569336,47.4017448425293,6311.0,1.1682106256484985,1.3493820428848267,3351.5,308.010009765625,75.92086791992188,91.03842163085938,220.89569091796875,147.2949981689453,103.69465637207031,23035.5,553.5440673828125,617.9627685546875,82.2008056640625,75.62000274658203,26.38875961303711,110.765625
2025-07-15,66.5199966430664,47.745018005371094,6284.0,1.1666297912597656,1.3428045511245728,3329.800048828125,306.7300109863281,75.69335174560547,90.68113708496094,216.57061767578125,147.79200744628906,103.32038116455078,23056.75,554.0514526367188,615.3220825195312,81.62469482421875,75.26000213623047,26.53380584716797,110.28125
2025-07-16,66.37999725341797,47.970603942871094,6303.25,1.1607391834259033,1.3393335342407227,3352.5,308.260009765625,75.89242553710938,90.93218994140625,218.7480010986328,148.76100158691406,103.48352813720703,23076.5,554.6188354492188,617.3792114257812,81.73992156982422,75.19000244140625,26.43710708618164,110.625
2025-07-17,67.54000091552734,48.24522399902344,6340.5,1.1635754108428955,1.3411099910736084,3340.10009765625,307.5899963378906,75.96827697753906,90.90322875976562,221.61819458007812,148.0030059814453,103.7330322265625,23251.0,559.107177734375,621.1573486328125,81.720703125,76.16000366210938,26.553142547607422,110.515625
2025-07-18,67.33999633789062,48.13733673095703,6334.75,1.161548137664795,1.3432555198669434,3353.0,308.3900146484375,76.07254028320312,91.15428161621094,220.04454040527344,148.44200134277344,103.92497253417969,23224.25,558.56982421875,620.7025146484375,81.84552764892578,75.93000030517578,26.51446533203125,110.78125
2025-07-21,67.19999694824219,48.451194763183594,6344.75,1.1630746126174927,1.341597557067871,3401.89990234375,313.1300048828125,76.17681121826172,91.47295379638672,219.15377807617188,148.43099975585938,104.32804107666016,23342.0,561.4658813476562,621.87939453125,82.57527160644531,75.58999633789062,26.340410232543945,111.1875
2025-07-22,66.20999908447266,48.48061752319336,6346.75,1.1694538593292236,1.348945140838623,3439.199951171875,316.1000061035156,76.30952453613281,91.73365783691406,220.97486877441406,147.40899658203125,104.57756805419922,23226.25,558.5598754882812,621.9684448242188,83.07455444335938,75.3499984741211,26.205034255981445,111.40625
2025-07-23,65.25,48.971012115478516,6396.25,1.1739156246185303,1.352155327796936,3394.10009765625,312.17999267578125,76.34744262695312,91.40534973144531,224.3498077392578,146.78500366210938,104.41441345214844,23310.75,561.1075439453125,627.259765625,82.61367797851562,75.27999877929688,26.166353225708008,111.015625
2025-07-24,66.02999877929688,48.70619583129883,6401.5,1.1774264574050903,1.3579576015472412,3371.0,310.2699890136719,76.25264739990234,91.27015686035156,221.2519989013672,146.3489990234375,104.26087188720703,23377.5,562.3018188476562,627.4674682617188,82.46965026855469,76.08999633789062,26.234041213989258,110.828125
2025-07-25,65.16000366210938,48.55907440185547,6425.0,1.1756131649017334,1.3510043621063232,3334.0,307.3999938964844,76.30004119873047,91.48258972167969,222.07345581054688,147.0050048828125,104.59675598144531,23421.25,563.6553344726562,630.1181030273438,82.98814392089844,74.8499984741211,26.29206085205078,110.984375
2025-07-28,66.70999908447266,48.23542022705078,6422.75,1.1756821870803833,1.344085931777954,3309.10009765625,305.4100036621094,76.26211547851562,91.2798080444336,221.81613159179688,147.81300354003906,104.3856201171875,23491.25,565.4168701171875,629.9598999023438,82.45044708251953,77.16999816894531,26.59182357788086,110.765625
2025-07-29,69.20999908447266,48.255035400390625,6406.0,1.1596757173538208,1.336023211479187,3323.39990234375,306.25,76.30952453613281,91.87850189208984,220.40084838867188,148.47900390625,105.07659912109375,23452.0,564.5410766601562,628.2982788085938,83.84269714355469,79.80000305175781,26.65951156616211,111.359375
2025-07-30,70.0,47.90195083618164,6396.25,1.1550945043563843,1.3353630304336548,3295.800048828125,300.9599914550781,76.14836883544922,91.55984497070312,219.28244018554688,148.44200134277344,104.6831283569336,23480.5,565.2974243164062,627.507080078125,83.41061401367188,81.04000091552734,26.920595169067383,111.0
2025-07-31,69.26000213623047,47.62732696533203,6374.25,1.1429355144500732,1.3257676362991333,3293.199951171875,302.9599914550781,76.19576263427734,91.63709259033203,217.13475036621094,149.2259979248047,104.71192932128906,23365.0,562.3018188476562,625.1531982421875,83.45863342285156,79.58999633789062,26.978612899780273,111.0625
2025-08-01,67.33000183105469,47.27423858642578,6264.5,1.142374038696289,1.3209865093231201,3347.699951171875,309.1099853515625,76.19956970214844,92.69209289550781,212.71070861816406,150.77200317382812,105.6408462524414,22883.75,551.2251586914062,614.9066162109375,84.64511108398438,77.45999908447266,26.65951156616211,112.203125
2025-08-04,66.29000091552734,47.7646369934082,6356.0,1.158668041229248,1.3289920091629028,3374.39990234375,310.9100036621094,76.45681762695312,92.81802368164062,217.47125244140625,147.34300231933594,105.82393646240234,23296.5,561.3961791992188,624.2530517578125,84.87644958496094,76.11000061035156,26.64984130859375,112.375
2025-08-05,65.16000366210938,47.90195083618164,6325.25,1.1584129333496094,1.3297518491744995,3381.89990234375,311.1600036621094,76.418701171875,92.75021362304688,218.5797576904297,146.79299926757812,105.90100860595703,23132.0,557.5845947265625,621.0880737304688,85.13668823242188,75.0199966430664,26.64984130859375,112.296875
2025-08-06,64.3499984741211,48.12752914428711,6371.0,1.1579166650772095,1.3299463987350464,3380.0,310.5,76.49491882324219,92.6823959350586,218.292724609375,147.55999755859375,105.87210845947266,23422.75,564.600830078125,625.8455200195312,84.64511108398438,73.79000091552734,26.49512481689453,112.234375
2025-08-07,63.880001068115234,48.52965545654297,6366.5,1.1663167476654053,1.3357912302017212,3400.300048828125,313.1199951171875,76.418701171875,92.61457824707031,217.5801239013672,147.1929931640625,105.76611328125,23496.25,566.5115356445312,625.3212280273438,84.50054931640625,73.41999816894531,26.475786209106445,112.09375
2025-08-08,63.880001068115234,48.490421295166016,6413.5,1.1676650047302246,1.345152735710144,3439.10009765625,313.04998779296875,76.42823791503906,92.40144348144531,218.05519104003906,146.83700561523438,105.4288558959961,23713.75,571.7960815429688,630.1972045898438,84.13427734375,73.30000305175781,26.52413558959961,111.828125
2025-08-11,63.959999084472656,48.353111267089844,6399.75,1.1647952795028687,1.3444474935531616,3353.10009765625,308.54998779296875,76.42823791503906,92.4305191040039,218.00570678710938,147.66400146484375,105.59266662597656,23637.5,570.104248046875,628.9510498046875,84.23067474365234,73.80000305175781,26.630502700805664,111.890625
2025-08-12,63.16999816894531,48.94158935546875,6468.5,1.1618449687957764,1.3435261249542236,3348.89990234375,308.2699890136719,76.59971618652344,92.41114044189453,224.4784698486328,148.125,105.68902587890625,23938.0,577.2697143554688,635.6468505859375,83.80657196044922,72.94999694824219,26.49512481689453,111.8125
2025-08-13,62.650001525878906,49.53006362915039,6488.75,1.1677058935165405,1.3504207134246826,3358.699951171875,309.2099914550781,76.79979705810547,92.74051666259766,228.84312438964844,147.75799560546875,106.2479248046875,23946.5,577.5584106445312,637.8228149414062,84.50054931640625,72.45999908447266,26.42743682861328,112.171875
2025-08-14,63.959999084472656,48.921974182128906,6490.5,1.171289324760437,1.3585295677185059,3335.199951171875,307.25,76.59971618652344,92.4402084350586,225.89378356933594,147.1199951171875,105.88172912597656,23930.5,577.1105346679688,637.882080078125,83.8740463256836,73.73999786376953,26.52413558959961,111.796875
2025-08-15,62.79999923706055,48.98081970214844,6471.5,1.1651345491409302,1.3530701398849487,3336.0,307.42999267578125,76.65689086914062,92.25613403320312,224.7952117919922,147.6909942626953,105.74683380126953,23804.0,574.57275390625,636.388671875,83.2764663696289,72.80000305175781,26.43710708618164,111.59375
2025-08-18,63.41999816894531,49.2652473449707,6469.25,1.1706587076187134,1.3556381464004517,3331.699951171875,306.95001220703125,76.59971618652344,92.1689453125,225.61666870117188,147.26400756835938,105.55411529541016,23797.75,574.3438720703125,636.2501220703125,83.03550720214844,73.16999816894531,26.50479507446289,111.515625
2025-08-19,62.349998474121094,48.86312484741211,6432.5,1.1668338775634766,1.3508219718933105,3313.39990234375,305.2699890136719,76.58067321777344,92.40144348144531,223.8846435546875,147.91600036621094,105.71792602539062,23469.5,566.5513916015625,632.7984008789062,83.51741027832031,72.30000305175781,26.57248306274414,111.765625
2025-08-20,63.209999084472656,48.79446792602539,6413.25,1.164252758026123,1.348679542541504,3343.39990234375,308.3599853515625,76.5521011352539,92.5370864868164,223.09286499023438,147.7310028076172,105.76611328125,23324.0,563.1876220703125,631.1170043945312,83.7005386352539,73.5199966430664,26.553142547607422,111.859375
2025-08-21,63.52000045776367,48.686580657958984,6388.25,1.165175199508667,1.3466380834579468,3336.89990234375,307.2900085449219,76.4091796875,92.26582336425781,223.64710998535156,147.3179931640625,105.36137390136719,23219.75,560.5802001953125,628.5851440429688,83.28610229492188,74.12999725341797,26.688520431518555,111.546875
2025-08-22,63.65999984741211,49.65756607055664,6483.25,1.16130530834198,1.3419395685195923,3374.39990234375,310.5799865722656,77.02845001220703,92.77928161621094,232.41604614257812,148.38600158691406,106.19010162353516,23569.75,569.2284545898438,638.2381591796875,83.90296173095703,74.63999938964844,26.42743682861328,112.140625
2025-08-25,64.80000305175781,49.37313461303711,6455.5,1.1709601879119873,1.35111403465271,3373.800048828125,309.8299865722656,76.87602233886719,92.59520721435547,229.97142028808594,147.21499633789062,105.91065216064453,23498.25,567.58642578125,635.4292602539062,83.66200256347656,75.75,26.64017105102539,111.96875
2025-08-26,63.25,49.245635986328125,6482.5,1.1618449687957764,1.3453518152236938,3388.60009765625,312.0799865722656,77.0475082397461,92.83740997314453,231.87168884277344,147.82200622558594,105.98774719238281,23591.5,569.8653564453125,638.0897827148438,83.61380767822266,74.05000305175781,26.57248306274414,112.203125
2025-08-27,64.1500015258789,48.95139694213867,6496.0,1.1639411449432373,1.3478723764419556,3404.60009765625,312.7099914550781,77.14277648925781,93.01177215576172,233.51463317871094,147.46200561523438,106.02628326416016,23628.75,570.7411499023438,639.5436401367188,83.51741027832031,74.68000030517578,26.5821533203125,112.40625
2025-08-28,64.5999984741211,49.13774871826172,6517.5,1.1647952795028687,1.3503841161727905,3431.800048828125,315.0299987792969,77.1808853149414,93.22491455078125,233.79176330566406,147.3159942626953,106.19010162353516,23769.0,574.3140258789062,641.8085327148438,84.06681060791016,75.23999786376953,26.485454559326172,112.53125
2025-08-29,64.01000213623047,48.90235900878906,6472.75,1.1681560277938843,1.35111403465271,3473.699951171875,318.07000732421875,77.03797149658203,93.14740753173828,232.75253295898438,146.7899932861328,105.8046646118164,23461.75,567.666015625,637.9810180664062,83.46922302246094,74.83999633789062,26.46611785888672,112.453125
2025-09-01,,,,1.1691803932189941,1.3503841161727905,,,,,,147.0970001220703,,,,,,,,
2025-09-02,65.58999633789062,48.86312484741211,6425.5,1.1715912818908691,1.3547931909561157,3549.39990234375,325.5899963378906,76.95470428466797,92.86943054199219,231.49559020996094,147.08399963378906,105.45072174072266,23275.0,562.908935546875,633.2533569335938,82.84808349609375,76.76000213623047,26.64017105102539,112.140625
2025-09-03,63.970001220703125,49.049476623535156,6457.25,1.163602590560913,1.3383476734161377,3593.199951171875,328.1400146484375,77.16529846191406,93.1901626586914,231.26795959472656,148.54800415039062,106.07927703857422,23448.75,567.3375854492188,636.6853637695312,83.75753784179688,74.83000183105469,26.59182357788086,112.59375
2025-09-04,63.47999954223633,48.892547607421875,6510.75,1.16604483127594,1.3441582918167114,3565.800048828125,326.69000244140625,77.37590026855469,93.60812377929688,234.15794372558594,147.97999572753906,106.80451202392578,23668.0,572.4728393554688,642.00634765625,84.39610290527344,74.18000030517578,26.630502700805664,112.828125
2025-09-05,61.869998931884766,49.48102569580078,6489.75,1.1656913757324219,1.3444474935531616,3613.199951171875,331.04998779296875,77.41419219970703,94.06492614746094,235.32582092285156,148.375,107.5007553100586,23684.0,573.298828125,640.1470336914062,85.68289947509766,72.62999725341797,26.49512481689453,113.359375
2025-09-08,62.2599983215332,49.93218994140625,6506.0,1.1713168621063232,1.3492909669876099,3638.10009765625,334.82000732421875,77.41419219970703,94.35651397705078,235.80088806152344,148.343994140625,107.87788391113281,23799.75,576.0953979492188,641.7195434570312,86.82455444335938,73.04000091552734,26.408098220825195,113.5
2025-09-09,62.630001068115234,50.206809997558594,6521.75,1.1769136190414429,1.3553073406219482,3643.300048828125,334.05999755859375,77.32803344726562,94.13296508789062,234.41529846191406,147.36399841308594,107.68448638916016,23874.0,577.7276000976562,643.2031860351562,86.33113861083984,73.38999938964844,26.51446533203125,113.3125
2025-09-10,63.66999816894531,50.55009078979492,6539.75,1.1702749729156494,1.352109670639038,3643.60009765625,335.260009765625,77.38546752929688,94.38566589355469,233.9995880126953,147.39199829101562,108.00359344482422,23877.75,577.9166870117188,645.0625610351562,86.82455444335938,74.70999908447266,26.53380584716797,113.515625
2025-09-11,62.369998931884766,51.28568649291992,6592.5,1.1703435182571411,1.3534730672836304,3636.89990234375,334.760009765625,77.57693481445312,94.53146362304688,238.3246612548828,147.33200073242188,108.50642395019531,24017.75,581.2804565429688,650.423095703125,87.40506744384766,73.0,26.44677734375,113.59375
2025-09-12,62.689998626708984,51.25625991821289,6588.25,1.1734747886657715,1.3576626777648926,3649.39990234375,335.4200134277344,77.50035095214844,94.25930786132812,235.8899688720703,147.2239990234375,108.31304168701172,24113.25,583.8480224609375,650.20556640625,87.0277328491211,73.30999755859375,26.485454559326172,113.25
2025-09-15,63.29999923706055,51.628963470458984,6621.5,1.1726491451263428,1.3553440570831299,3682.199951171875,338.9100036621094,77.72052764892578,94.41482543945312,236.8895721435547,147.66600036621094,108.6514892578125,24309.25,588.843994140625,653.6671752929688,87.23091888427734,74.2300033569336,26.398427963256836,113.40625
2025-09-16,64.5199966430664,52.011470794677734,6610.75,1.1763737201690674,1.3602666854858398,3688.89990234375,339.5899963378906,77.66307067871094,94.47313690185547,236.49951171875,147.40499877929688,108.55479431152344,24284.0,588.3463134765625,652.7671508789062,87.41474914550781,75.66999816894531,26.234041213989258,113.515625
2025-09-17,64.05000305175781,52.23705291748047,6601.25,1.1871408224105835,1.365392804145813,3681.800048828125,336.9700012207031,77.58649444580078,94.26902770996094,237.10494995117188,146.41299438476562,108.36137390136719,24222.5,587.1720581054688,651.9561157226562,87.19222259521484,74.97000122070312,26.321069717407227,113.09375
2025-09-18,63.56999969482422,52.10955047607422,6635.0,1.1826341152191162,1.3629734516143799,3643.699951171875,335.6199951171875,77.75879669189453,93.9580078125,243.01048278808594,146.89100646972656,108.13897705078125,24460.25,592.4666137695312,655.0023803710938,86.29242706298828,74.69000244140625,26.44677734375,112.96875
2025-09-19,62.68000030517578,51.991851806640625,6658.77001953125,1.1791062355041504,1.3556013107299805,3671.5,339.17999267578125,77.78752136230469,93.91913604736328,241.16436767578125,147.94700622558594,108.05194854736328,24568.0703125,596.477294921875,658.2465209960938,86.12794494628906,73.5199966430664,26.52413558959961,112.828125
2025-09-22,62.63999938964844,52.246864318847656,6752.5,1.1736950874328613,1.3464748859405518,3740.699951171875,345.04998779296875,77.84495544433594,93.76362609863281,242.56385803222656,148.09500122070312,107.81018829345703,25003.0,600.0083618164062,661.3607177734375,85.8183364868164,73.44999694824219,26.42743682861328,112.703125
2025-09-23,63.40999984741211,52.276283264160156,6715.0,1.1801080703735352,1.3514974117279053,3780.60009765625,346.4599914550781,77.78752136230469,94.02603912353516,242.01795959472656,147.72500610351562,108.02294158935547,24827.25,596.0228881835938,657.7605590820312,86.41819763183594,75.05000305175781,26.408098220825195,112.875
2025-09-24,64.98999786376953,52.0997428894043,6692.25,1.1814465522766113,1.3524478673934937,3732.10009765625,343.32000732421875,77.68222045898438,93.77334594726562,239.79469299316406,147.61300659179688,107.5877914428711,24739.25,593.9305419921875,655.6677856445312,86.08926391601562,76.38999938964844,26.60149383544922,112.640625
2025-09-25,64.9800033569336,51.79569625854492,6659.75,1.1744670867919922,1.3452396392822266,3736.89990234375,344.75,77.46204376220703,93.56924438476562,237.501953125,148.75100708007812,107.39437103271484,24629.25,591.3699951171875,652.6429443359375,86.08926391601562,76.98999786376953,26.785219192504883,112.328125
2025-09-26,65.72000122070312,51.69761657714844,6696.5,1.166275978088379,1.333653450012207,3775.300048828125,346.739990234375,77.61521911621094,93.52063751220703,239.53663635253906,149.86099243164062,107.5394515991211,24726.75,593.8009643554688,656.3819580078125,86.01185607910156,77.0199966430664,26.688520431518555,112.265625
2025-09-29,63.45000076293945,52.16839599609375,6713.5,1.170823097229004,1.3408241271972656,3820.89990234375,352.4599914550781,77.74922943115234,93.79278564453125,239.81454467773438,149.40499877929688,107.89722442626953,24837.75,596.5509643554688,658.2266845703125,86.71813201904297,74.58999633789062,26.630502700805664,112.515625
2025-09-30,62.369998931884766,52.374366760253906,6738.75,1.1731443405151367,1.3437248468399048,3840.800048828125,355.4700012207031,77.72052764892578,93.75389862060547,240.1520233154297,148.59500122070312,107.79085540771484,24901.75,598.18505859375,660.7061157226562,86.4665756225586,73.75,26.60149383544922,112.5
2025-10-01,61.779998779296875,52.78629684448242,6761.5,1.1735849380493164,1.3443390130996704,3867.5,356.0299987792969,77.8657455444336,94.06977844238281,240.6780548095703,147.9969940185547,108.2237319946289,25017.5,601.0545043945312,662.9574584960938,86.68988800048828,73.13999938964844,26.59182357788086,112.84375
2025-10-02,60.47999954223633,53.031494140625,6766.75,1.1734058856964111,1.3480178117752075,3839.699951171875,354.7900085449219,77.8368911743164,94.1672592163086,242.19662475585938,147.08299255371094,108.39840698242188,25110.0,603.5254516601562,663.7210693359375,86.94231414794922,71.54000091552734,26.630502700805664,112.921875
2025-10-03,60.880001068115234,53.18842315673828,6764.0,1.1725116968154907,1.3446643352508545,3880.800048828125,357.6400146484375,77.75032806396484,93.9820327758789,243.9930877685547,147.14999389648438,108.26253509521484,24992.0,600.9848022460938,663.7112426757812,86.77725982666016,71.70999908447266,26.5821533203125,112.671875
2025-10-06,61.689998626708984,53.433624267578125,6788.75,1.171248197555542,1.3433817625045776,3948.5,364.3800048828125,77.76956939697266,93.70905303955078,244.9657745361328,149.6060028076172,107.91314697265625,25184.75,605.498291015625,666.0914916992188,86.08793640136719,72.87000274658203,26.707860946655273,112.390625
2025-10-07,61.72999954223633,53.021690368652344,6761.5,1.171028733253479,1.3484903573989868,3976.60009765625,366.260009765625,77.6830062866211,93.94304656982422,242.3355712890625,150.33099365234375,108.1169662475586,25039.25,602.3099365234375,663.6219482421875,86.58309173583984,73.19999694824219,26.862577438354492,112.671875
2025-10-08,62.54999923706055,53.44343185424805,6801.25,1.1654603481292725,1.3421016931533813,4043.300048828125,372.29998779296875,77.56759643554688,93.9625244140625,244.87644958496094,152.05099487304688,107.98108673095703,25331.0,609.2147216796875,667.5791625976562,86.65104675292969,73.52999877929688,26.920595169067383,112.609375
2025-10-09,61.5099983215332,52.89418411254883,6779.25,1.1631964445114136,1.3401411771774292,3946.300048828125,365.42999267578125,77.34635925292969,93.894287109375,243.29832458496094,152.67999267578125,107.767578125,25289.25,608.4774780273438,665.6452026367188,86.58309173583984,72.51000213623047,27.104320526123047,112.484375
2025-10-10,58.900001525878906,50.942405700683594,6595.25,1.156644344329834,1.3304948806762695,3975.89990234375,369.1199951171875,76.89433288574219,94.47924041748047,236.01315307617188,152.96499633789062,108.06843566894531,24397.0,587.3545532226562,647.6542358398438,87.98115539550781,69.38999938964844,26.968942642211914,113.140625
2025-10-13,59.4900016784668,52.42340850830078,6694.75,1.160240888595581,1.3336178064346313,4108.60009765625,378.0899963378906,77.3752212524414,94.52798461914062,242.5836944580078,152.05599975585938,108.43724060058594,24922.25,599.8190307617188,657.5919189453125,87.9326171875,70.27999877929688,27.065641403198242,113.15625
2025-10-14,58.70000076293945,51.9526252746582,6686.5,1.1566845178604126,1.3332622051239014,4138.7001953125,380.7900085449219,77.46179962158203,94.77171325683594,246.047607421875,152.4340057373047,108.79633331298828,24762.5,595.8236694335938,656.78857421875,88.21417236328125,69.0,26.988283157348633,113.40625
2025-10-15,58.27000045776367,52.80591583251953,6715.0,1.1602274179458618,1.3321610689163208,4176.89990234375,387.3900146484375,77.71185302734375,94.66445922851562,248.45947265625,151.7310028076172,108.79633331298828,24924.5,600.0283203125,659.7044067382812,88.01998901367188,68.98999786376953,26.910924911499023,113.234375
2025-10-16,57.459999084472656,53.149192810058594,6668.75,1.1646324396133423,1.3404465913772583,4280.2001953125,396.45001220703125,77.43294525146484,95.10318756103516,243.22885131835938,150.9739990234375,109.10690307617188,24831.25,597.8064575195312,655.2117309570312,88.68019104003906,67.80999755859375,26.80455780029297,113.75
2025-10-17,57.540000915527344,53.13938522338867,6702.5,1.1699601411819458,1.3445558547973633,4189.89990234375,388.989990234375,77.63491821289062,94.94720458984375,241.59117126464844,150.1199951171875,108.89337921142578,24986.5,601.7320556640625,658.9308471679688,88.54425811767578,67.9800033569336,26.833566665649414,113.46875
2025-10-20,57.52000045776367,53.865169525146484,6773.75,1.165745735168457,1.342588186264038,4336.39990234375,403.1499938964844,77.7887954711914,95.0739517211914,246.30567932128906,150.89999389648438,109.22335815429688,25305.25,609.3143310546875,665.7840576171875,88.88407135009766,67.83000183105469,26.901254653930664,113.59375
2025-10-21,57.81999969482422,53.26688766479492,6773.25,1.164442539215088,1.3405184745788574,4087.699951171875,377.239990234375,77.67339324951172,95.24942016601562,245.14443969726562,150.7740020751953,109.2427749633789,25294.75,609.1549682617188,665.7741088867188,89.32096099853516,68.2699966430664,27.00762367248535,113.75
2025-10-22,58.5,53.21784591674805,6737.0,1.160038948059082,1.336523175239563,4044.39990234375,377.2799987792969,77.596435546875,95.2689208984375,241.5216827392578,151.89300537109375,109.34952545166016,25039.25,603.286376953125,662.3128051757812,89.37921905517578,70.62999725341797,26.978612899780273,113.796875
2025-10-23,61.790000915527344,53.688629150390625,6775.0,1.1608469486236572,1.3351848125457764,4125.5,378.7900085449219,77.76956939697266,94.95695495605469,244.5786895751953,151.95399475097656,109.2136459350586,25254.0,608.3578491210938,666.2402954101562,88.767578125,73.29000091552734,26.988283157348633,113.484375
2025-10-24,61.5,54.04171371459961,6827.0,1.1618045568466187,1.332746982574463,4118.39990234375,377.5199890136719,77.98114776611328,95.04469299316406,247.56617736816406,152.6020050048828,109.3980484008789,25509.25,614.8540649414062,671.6851806640625,88.80641174316406,73.18000030517578,26.988283157348633,113.4375
2025-10-27,61.310001373291016,54.63999557495117,6908.25,1.1631693840026855,1.3322391510009766,4001.89990234375,367.010009765625,78.17350769042969,95.04469299316406,248.4296875,153.06100463867188,109.58246612548828,25963.75,625.80419921875,679.6094970703125,89.10736846923828,73.12000274658203,26.959272384643555,113.421875
2025-10-28,60.150001525878906,54.62038040161133,6925.75,1.165175199508667,1.3341000080108643,3966.199951171875,364.3800048828125,78.0965805053711,95.13243865966797,247.09971618652344,152.69200134277344,109.59217834472656,26163.5,630.6165161132812,681.4144897460938,89.34037780761719,71.38999938964844,26.9399356842041,113.46875
2025-10-29,60.47999954223633,54.934234619140625,6922.75,1.1657865047454834,1.3279330730438232,3983.699951171875,363.0,77.85611724853516,94.51823425292969,244.9955291748047,151.7310028076172,108.97102355957031,26262.5,633.4561767578125,681.7418823242188,88.43746185302734,71.80000305175781,27.094650268554688,112.90625
2025-10-30,60.56999969482422,54.36537551879883,6855.5,1.1603351831436157,1.3195397853851318,4001.300048828125,370.1300048828125,77.71185302734375,94.38174438476562,243.02041625976562,152.7220001220703,108.38871002197266,25882.75,623.7715454101562,674.2440185546875,87.92290496826172,71.70999908447266,27.201017379760742,112.703125
2025-10-31,60.97999954223633,54.23787307739258,6874.0,1.157246708869934,1.3159106969833374,3982.199951171875,368.1199951171875,77.71185302734375,94.4207534790039,244.3900909423828,153.89999389648438,107.95197296142578,26004.0,626.7805786132812,676.4556274414062,87.66075897216797,72.55999755859375,27.27837562561035,112.671875
2025-11-03,61.04999923706055,54.581153869628906,6882.75,1.1528042554855347,1.3134735822677612,4000.300048828125,368.7799987792969,77.47018432617188,94.37577056884766,243.60601806640625,154.19500732421875,107.66170501708984,26103.25,629.7796020507812,677.7251586914062,87.4415283203125,72.73999786376953,27.297714233398438,112.671875
2025-11-04,60.560001373291016,53.58074188232422,6801.75,1.1519144773483276,1.3135254383087158,3947.699951171875,362.32000732421875,77.47985076904297,94.49312591552734,239.39768981933594,154.20399475097656,107.80780792236328,25575.25,616.996337890625,669.6917114257812,87.63641357421875,71.93000030517578,27.384742736816406,112.78125
2025-11-05,59.599998474121094,54.06132888793945,6825.25,1.1485539674758911,1.3021697998046875,3980.300048828125,366.510009765625,77.55718994140625,94.04324340820312,242.8516845703125,153.5570068359375,107.48636627197266,25746.25,621.0116577148438,672.012451171875,86.68150329589844,71.02999877929688,27.394412994384766,112.328125
2025-11-06,59.43000030517578,53.65920639038086,6747.5,1.1496764421463013,1.3052598237991333,3979.89990234375,366.07000732421875,77.58619689941406,94.5224609375,238.55404663085938,154.072998046875,108.05132293701172,25244.25,609.4439086914062,664.8021850585938,87.46102142333984,70.87999725341797,27.249366760253906,112.828125
2025-11-07,59.75,53.50227737426758,6753.75,1.1549211740493774,1.3140950202941895,3999.39990234375,368.30999755859375,77.65386199951172,94.56158447265625,239.8046112060547,152.947998046875,107.83702087402344,25166.25,607.5208740234375,665.4567260742188,87.27587890625,71.26000213623047,27.230026245117188,112.859375
2025-11-10,60.130001068115234,54.4438362121582,6856.75,1.1543878316879272,1.3142677545547485,4111.7998046875,378.3800048828125,77.91485595703125,94.43444061279297,242.20652770996094,153.81700134277344,107.89546966552734,25714.5,620.9617919921875,675.8407592773438,87.25640106201172,71.68000030517578,27.249366760253906,112.6875
2025-11-11,61.040000915527344,54.502685546875,6871.5,1.1557220220565796,1.3172974586486816,4106.7998046875,379.8699951171875,78.00186920166016,94.72784423828125,242.41497802734375,154.14599609375,108.32405853271484,25640.75,619.307861328125,677.3878784179688,87.65589141845703,72.72000122070312,27.2106876373291,113.03125
2025-11-12,58.4900016784668,54.51249313354492,6875.75,1.1587486267089844,1.3152875900268555,4204.39990234375,385.989990234375,77.8471908569336,94.74739837646484,241.8194580078125,154.0749969482422,108.21690368652344,25623.75,618.8196411132812,677.7647705078125,87.81179809570312,69.79000091552734,27.220355987548828,113.0
2025-11-13,58.689998626708984,53.87498092651367,6760.0,1.159218668937683,1.3127838373184204,4186.89990234375,382.8699951171875,77.52818298339844,94.47355651855469,235.02064514160156,154.71299743652344,107.68118286132812,25094.75,606.185791015625,666.5180053710938,87.09074401855469,69.8499984741211,27.14299964904785,112.765625
2025-11-14,60.09000015258789,53.90440368652344,6755.25,1.1631964445114136,1.3152183294296265,4087.60009765625,375.9599914550781,77.54753112792969,94.31709289550781,235.70547485351562,154.63299560546875,107.38896942138672,25094.0,606.6441040039062,666.4088745117188,86.59381103515625,71.37999725341797,27.181678771972656,112.53125
2025-11-17,59.90999984741211,53.26688766479492,6692.0,1.1615345478057861,1.3160146474838257,4068.300048828125,371.6499938964844,77.4218521118164,94.4246597290039,231.020751953125,154.5850067138672,107.45716094970703,24879.0,601.4630737304688,660.2002563476562,86.80817413330078,71.30000305175781,27.249366760253906,112.640625
2025-11-18,60.7400016784668,53.0020751953125,6639.75,1.159057378768921,1.3156163692474365,4061.300048828125,374.3500061035156,77.44119262695312,94.58113098144531,231.72544860839844,155.2729949951172,107.50586700439453,24595.75,594.1397705078125,654.6561889648438,86.77894592285156,72.5,27.27837562561035,112.78125
2025-11-19,59.439998626708984,52.81571960449219,6661.5,1.1581177711486816,1.3147515058517456,4077.699951171875,374.9599914550781,77.47985076904297,94.51268005371094,231.6857452392578,155.54800415039062,107.5156021118164,24721.75,597.6868286132812,657.185302734375,86.60355377197266,70.87999725341797,27.452430725097656,112.6875
2025-11-20,59.13999938964844,52.08993911743164,6557.5,1.154068112373352,1.3061821460723877,4056.5,374.8500061035156,77.4315185546875,94.73760986328125,227.3980255126953,156.99200439453125,107.66170501708984,24131.5,583.5385131835938,647.1683349609375,86.94459533691406,70.1500015258789,27.471771240234375,112.875
2025-11-21,58.060001373291016,52.08012390136719,6620.25,1.1534557342529297,1.308489441871643,4076.699951171875,374.2699890136719,77.69252014160156,95.05057525634766,233.83953857421875,157.36900329589844,108.04158020019531,24305.5,587.9224853515625,653.6148681640625,87.2076644897461,69.30000305175781,27.452430725097656,113.25
2025-11-24,58.84000015258789,52.629371643066406,6721.25,1.1507612466812134,1.3096375465393066,4091.89990234375,380.20001220703125,77.90518951416016,95.197265625,238.10739135742188,156.68800354003906,108.47016906738281,24948.25,602.9575805664062,663.2351684570312,87.70460510253906,70.41999816894531,27.452430725097656,113.375
2025-11-25,57.95000076293945,52.81571960449219,6781.5,1.1520073413848877,1.3106160163879395,4139.2001953125,380.0799865722656,78.1758804321289,95.4417724609375,243.29832458496094,156.93899536132812,108.7721176147461,25085.5,606.674072265625,669.4734497070312,87.92871856689453,69.25,27.375072479248047,113.640625
2025-11-26,58.650001525878906,53.19823455810547,6828.0,1.156483769416809,1.315870761871338,4165.2001953125,383.1199951171875,78.25320434570312,95.52000427246094,245.45211791992188,156.22999572753906,109.14226531982422,25302.25,612.034423828125,674.09521484375,88.31846618652344,70.04000091552734,27.297714233398438,113.625
2025-11-27,,,,1.1602139472961426,1.3244997262954712,,,,,,156.23899841308594,,,,,,,,
2025-11-28,58.54999923706055,53.27669143676758,6859.5,1.1599851846694946,1.3241175413131714,4218.2998046875,387.8800048828125,78.2918701171875,95.35374450683594,246.89126586914062,156.28399658203125,108.95718383789062,25482.0,616.996337890625,677.7747192382812,87.89948272705078,71.06999969482422,27.27837562561035,113.421875
2025-12-01,59.31999969482422,53.237464904785156,6826.75,1.1601465940475464,1.3239772319793701,4239.2998046875,389.75,78.15104675292969,94.84173583984375,243.78466796875,155.92799377441406,108.37352752685547,25391.25,614.923828125,674.6802978515625,86.80525970458984,71.05999755859375,27.268707275390625,112.9375
2025-12-02,58.63999938964844,53.257080078125,6840.25,1.1607661247253418,1.3209341764450073,4186.60009765625,387.239990234375,78.29672241210938,94.9201889038086,243.33802795410156,155.5570068359375,108.44195556640625,25606.0,619.7362670898438,675.9300537109375,86.84436798095703,70.19999694824219,27.259037017822266,113.0
2025-12-03,58.95000076293945,53.29631042480469,6862.0,1.1627906560897827,1.3219469785690308,4199.2998046875,386.8800048828125,78.36470794677734,95.11637115478516,247.7646942138672,155.8070068359375,108.68637084960938,25657.5,621.2507934570312,678.2706298828125,87.08883666992188,70.66000366210938,27.123659133911133,113.21875
2025-12-04,59.66999816894531,53.28650665283203,6866.75,1.1666841506958008,1.3348817825317383,4211.7998046875,387.1300048828125,78.4229736328125,94.82210540771484,249.93833923339844,155.10699462890625,108.4908447265625,25622.75,620.6728515625,678.7665405273438,86.61946868896484,71.38999938964844,27.181678771972656,112.84375
2025-12-05,60.08000183105469,53.688629150390625,6878.25,1.1642799377441406,1.3321788311004639,4212.89990234375,386.44000244140625,78.4229736328125,94.62593841552734,248.89617919921875,155.14199829101562,108.38330078125,25732.0,623.2036743164062,680.0557861328125,86.21853637695312,71.91999816894531,27.152667999267578,112.640625
2025-12-08,58.880001068115234,53.5709342956543,6855.75,1.164022445678711,1.3324593305587769,4187.2001953125,385.4200134277344,78.22874450683594,94.42975616455078,248.99542236328125,155.33999633789062,108.15843200683594,25664.0,622.0079956054688,678.0127563476562,85.93495178222656,70.48999786376953,27.191349029541016,112.390625
2025-12-09,58.25,53.482662200927734,6848.25,1.1641442775726318,1.3326793909072876,4206.7001953125,387.3999938964844,78.1413345336914,94.29242706298828,249.5115509033203,155.843994140625,108.02156829833984,25699.75,622.775146484375,677.4276123046875,86.02296447753906,69.86000061035156,27.230026245117188,112.234375
2025-12-10,58.459999084472656,54.0809440612793,6891.75,1.1628313064575195,1.3303532600402832,4196.39990234375,389.04998779296875,78.40354919433594,94.59651184082031,252.90599060058594,156.83799743652344,108.52017974853516,25798.0,625.3258666992188,681.92041015625,86.35543823242188,70.54000091552734,27.084980010986328,112.359375
2025-12-11,57.599998474121094,53.8259391784668,6907.25,1.1701242923736572,1.3388315439224243,4285.5,393.239990234375,78.39384460449219,94.6063003540039,255.87364196777344,155.7899932861328,108.36373901367188,25713.5,623.3033447265625,683.5072631835938,86.23809051513672,69.25,26.988283157348633,112.609375
2025-12-12,57.439998626708984,53.19823455810547,6830.75,1.1739431619644165,1.339046597480774,4300.10009765625,395.44000244140625,78.24816131591797,94.35128021240234,251.95315551757812,155.56700134277344,107.70870971679688,25213.5,611.3867797851562,676.1581420898438,85.40689849853516,68.80999755859375,27.026962280273438,112.34375
2025-12-15,56.81999969482422,53.04130935668945,6823.0,1.1737639904022217,1.3367732763290405,4306.7001953125,395.79998779296875,78.2870101928711,94.42975616455078,250.04750061035156,155.88800048828125,107.8358154296875,25093.25,608.3179931640625,675.1365356445312,85.465576171875,67.88999938964844,27.00762367248535,112.453125
2025-12-16,55.27000045776367,52.70604705810547,6801.0,1.1754610538482666,1.3380612134933472,4304.5,395.8900146484375,78.33558654785156,94.69458770751953,248.8644256591797,155.01499938964844,108.0802230834961,25139.0,609.5235595703125,673.2918701171875,85.93495178222656,66.16999816894531,26.978612899780273,112.6875
2025-12-17,55.939998626708984,52.32801055908203,6726.5,1.1749500036239624,1.342499852180481,4347.5,399.2900085449219,78.23844909667969,94.67497253417969,246.21546936035156,154.7779998779297,107.96290588378906,24668.75,598.224853515625,665.8832397460938,85.85672760009766,67.9800033569336,27.036630630493164,112.671875
2025-12-18,56.150001525878906,52.92491149902344,6778.25,1.1742326021194458,1.3374598026275635,4339.5,398.57000732421875,78.45211029052734,94.9201889038086,247.6793670654297,155.4949951171875,108.37352752685547,25028.25,606.8931884765625,670.9114990234375,86.26742553710938,67.19000244140625,27.055971145629883,112.9375
2025-12-19,56.65999984741211,53.442222595214844,6796.5400390625,1.1725666522979736,1.3385393619537354,4361.39990234375,399.0199890136719,78.41407012939453,94.7066421508789,249.75074768066406,155.58599853515625,108.09477233886719,25132.7890625,614.8043212890625,676.9923095703125,85.94544982910156,68.02999877929688,27.14299964904785,112.703125
2025-12-22,58.0099983215332,53.73072052001953,6930.25,1.1708093881607056,1.3377031087875366,4444.60009765625,408.2300109863281,78.48236083984375,94.60824584960938,252.52919006347656,157.67599487304688,108.07513427734375,25692.25,617.7513427734375,681.2098388671875,85.75892639160156,69.7300033569336,27.030000686645508,112.34375
2025-12-23,58.380001068115234,54.029170989990234,6961.0,1.1765950918197632,1.3469899892807007,4482.7998046875,413.6400146484375,78.54090881347656,94.56887817382812,251.035400390625,156.8769989013672,108.18312072753906,25812.25,620.6444702148438,684.3233032226562,85.8963623046875,70.30000305175781,26.940000534057617,112.296875
2025-12-24,58.349998474121094,54.13859939575195,6982.5,1.179551362991333,1.3513604402542114,4480.60009765625,411.92999267578125,78.6872787475586,94.81489562988281,251.66281127929688,156.17599487304688,108.60517120361328,25880.5,622.4602661132812,686.7305297851562,86.41664123535156,70.19999694824219,26.950000762939453,112.515625
2025-12-26,56.7400016784668,54.51663589477539,6979.25,1.1785364151000977,1.3508949279785156,4529.10009765625,416.739990234375,78.64823913574219,94.90347290039062,250.3781280517578,156.08999633789062,108.59534454345703,25863.25,622.4202880859375,686.660888671875,86.13195037841797,68.4800033569336,26.969999313354492,112.578125
2025-12-29,58.08000183105469,54.37736129760742,6955.0,1.1772738695144653,1.349727988243103,4325.10009765625,398.6000061035156,78.6775131225586,95.04122924804688,248.8445281982422,156.46299743652344,108.74256896972656,25739.75,619.4074096679688,684.2138671875,86.4559097290039,69.61000061035156,26.979999542236328,112.71875
2025-12-30,57.95000076293945,54.596221923828125,6944.25,1.1772878170013428,1.3510993719100952,4370.10009765625,398.8900146484375,78.75558471679688,94.94282531738281,247.00218200683594,156.01300048828125,108.61497497558594,25675.25,617.9707641601562,683.3782958984375,86.24976348876953,69.73999786376953,27.049999237060547,112.640625
2025-12-31,57.41999816894531,54.427101135253906,6892.5,1.1747292280197144,1.346719741821289,4325.60009765625,396.30999755859375,78.6775131225586,94.6279296875,245.1399383544922,156.41299438476562,108.15367126464844,25456.75,612.8628540039062,678.3152465820312,85.56259155273438,69.16000366210938,27.030000686645508,112.4375
2026-01-02,57.31999969482422,55.94919204711914,6900.5,1.175046682357788,1.347363829612732,4314.39990234375,398.2799987792969,78.71654510498047,94.54920959472656,247.74908447265625,156.7310028076172,108.12422180175781,25385.25,611.6757202148438,679.55859375,85.43496704101562,68.95999908447266,27.110000610351562,112.203125
2026-01-05,58.31999969482422,56.565982818603516,6943.75,1.1704667806625366,1.3437970876693726,4436.89990234375,408.760009765625,78.92146301269531,94.83457946777344,251.6826934814453,156.98899841308594,108.4284896850586,25577.75,616.5341796875,684.0845947265625,85.85709381103516,70.22000122070312,27.06999969482422,112.421875
2026-01-06,57.130001068115234,56.98381042480469,6987.75,1.1714951992034912,1.3533997535705566,4482.2001953125,413.17999267578125,78.94099426269531,94.76570129394531,255.01881408691406,156.62600708007812,108.4284896850586,25822.0,621.951416015625,688.1529541015625,85.68038177490234,68.51000213623047,27.15999984741211,112.328125
2026-01-07,55.9900016784668,56.556034088134766,6963.25,1.1688251495361328,1.3500559329986572,4449.2998046875,409.2300109863281,78.92146301269531,94.94282531738281,254.4213104248047,156.67999267578125,108.50701141357422,25838.75,622.550048828125,685.9347534179688,86.18104553222656,67.79000091552734,27.200000762939453,112.578125
2026-01-08,57.7599983215332,56.575931549072266,6962.0,1.1676785945892334,1.3459312915802002,4449.7001953125,411.489990234375,78.98001861572266,94.6574478149414,257.1997375488281,156.7310028076172,108.20274353027344,25687.5,619.0083618164062,685.8651123046875,85.74910736083984,70.54000091552734,27.270000457763672,112.25
2026-01-09,59.119998931884766,56.84453582763672,7005.0,1.1657865047454834,1.3438005447387695,4490.2998046875,414.4700012207031,79.03856658935547,94.76570129394531,259.1516418457031,156.8800048828125,108.59534454345703,25938.25,625.173828125,690.4010009765625,86.3184814453125,70.77999877929688,27.329999923706055,112.21875
2026-01-12,59.5,57.64039611816406,7016.5,1.1623716354370117,1.3394231796264648,4604.2998046875,422.2300109863281,79.07759857177734,94.64759826660156,260.4163818359375,158.1490020751953,108.4677505493164,25956.75,625.6925659179688,691.4852294921875,86.06324005126953,71.6500015258789,27.280000686645508,112.140625
2026-01-13,61.150001525878906,57.21261978149414,7001.75,1.1666978597640991,1.3465656042099,4589.2001953125,421.6300048828125,79.07759857177734,94.76570129394531,260.2669982910156,157.98599243164062,108.70330810546875,25906.0,624.7647705078125,690.1026000976562,86.21049499511719,73.4800033569336,27.350000381469727,112.265625
2026-01-14,62.02000045776367,57.45138168334961,6966.25,1.164252758026123,1.3426783084869385,4626.2998046875,425.94000244140625,79.07759857177734,94.96250915527344,262.099365234375,159.1790008544922,108.97813415527344,25631.0,618.0905151367188,686.7105712890625,86.71115112304688,72.61000061035156,27.329999923706055,112.46875
2026-01-15,59.189998626708984,57.78962326049805,6981.75,1.1646324396133423,1.344266653060913,4616.2998046875,423.3299865722656,79.07759857177734,94.76570129394531,264.4097595214844,158.40199279785156,108.8407211303711,25705.75,620.3153076171875,688.5806884765625,86.6915054321289,71.12999725341797,27.43000030517578,112.21875
2026-01-16,59.439998626708984,57.57075881958008,6976.75,1.1609008312225342,1.3381328582763672,4588.39990234375,421.2900085449219,79.12638092041016,94.40159606933594,264.6587219238281,158.5959930419922,108.5266342163086,25689.0,619.7965087890625,688.0037231445312,86.19086456298828,71.6500015258789,27.43000030517578,111.75
2026-01-19,,,,1.162493348121643,1.3404287099838257,,,,,,157.53500366210938,,,,,,,,
2026-01-20,60.34000015258789,57.01365661621094,6829.5,1.1639139652252197,1.3418315649032593,4759.60009765625,437.2300109863281,78.92146301269531,94.02764892578125,261.49188232421875,158.177001953125,107.86902618408203,25129.25,606.6276245117188,673.9981689453125,85.06194305419922,71.86000061035156,27.209999084472656,111.421875
2026-01-21,60.619998931884766,57.958744049072266,6910.0,1.1727865934371948,1.344085931777954,4831.7998046875,443.6000061035156,79.1556625366211,94.2736587524414,266.6802978515625,158.16200256347656,108.5168228149414,25471.0,614.8282470703125,681.77685546875,85.70983123779297,73.33999633789062,27.270000457763672,111.65625
2026-01-22,59.36000061035156,58.39646911621094,6945.0,1.1672970056533813,1.3419395685195923,4908.7998046875,451.7900085449219,79.21420288085938,94.2638168334961,268.6719970703125,158.45599365234375,108.72294616699219,25658.25,619.2976684570312,685.3379516601562,86.08287811279297,71.81999969482422,27.149999618530273,111.59375
2026-01-23,61.06999969482422,58.764556884765625,6945.75,1.1754610538482666,1.3501288890838623,4976.2001953125,458.0,79.1751708984375,94.4212646484375,263.712646484375,158.50100708007812,108.79164123535156,25738.25,621.2530517578125,685.5865478515625,86.3184814453125,73.94999694824219,26.90999984741211,111.671875
2026-01-26,60.630001068115234,58.864036560058594,6981.25,1.1858457326889038,1.3662508726119995,5079.7001953125,464.70001220703125,79.21420288085938,94.55902862548828,262.8861083984375,155.16600036621094,108.87998962402344,25848.5,623.9866333007812,689.068115234375,86.73077392578125,73.4800033569336,26.780000686645508,111.828125
2026-01-27,62.38999938964844,60.02798843383789,7008.5,1.1876484155654907,1.3677457571029663,5079.89990234375,476.1000061035156,79.2044448852539,94.45079040527344,263.63299560546875,154.33599853515625,108.76219940185547,26073.0,629.6432495117188,691.8134765625,86.19086456298828,75.66000366210938,26.469999313354492,111.796875
2026-01-28,63.209999084472656,60.43586730957031,7007.25,1.2017642259597778,1.3824374675750732,5301.60009765625,494.55999755859375,79.07759857177734,94.3720703125,262.2088928222656,152.4530029296875,108.60517120361328,26156.25,631.7283325195312,691.7438354492188,85.99452209472656,76.62000274658203,26.6299991607666,111.640625
2026-01-29,65.41999816894531,60.127471923828125,6992.75,1.1977769136428833,1.382533073425293,5318.39990234375,495.8999938964844,79.06783294677734,94.4704818725586,262.27862548828125,153.0959930419922,108.63461303710938,25999.25,627.947265625,690.3711547851562,86.01416778564453,79.13999938964844,26.59000015258789,111.859375
2026-01-30,65.20999908447266,58.79439926147461,6965.75,1.19657301902771,1.380643367767334,4713.89990234375,444.95001220703125,79.1556625366211,94.41143035888672,258.57403564453125,153.16200256347656,108.5266342163086,25670.0,620.4050903320312,688.3121337890625,85.53313446044922,79.5199966430664,26.850000381469727,111.828125
2026-02-02,62.13999938964844,58.97346878051758,7002.5,1.1849182844161987,1.3679141998291016,4622.5,427.1300048828125,79.20370483398438,94.225830078125,261.0935363769531,155.20199584960938,108.4261474609375,25850.0,624.6650390625,691.73388671875,85.28875732421875,75.33000183105469,26.989999771118164,111.59375
2026-02-03,63.209999084472656,59.291812896728516,6941.75,1.1798714399337769,1.367315649986267,4903.7001953125,454.2900085449219,79.15467071533203,94.31466674804688,261.6910400390625,155.4429931640625,108.47540283203125,25452.0,615.0676879882812,685.885009765625,85.49569702148438,77.47000122070312,26.920000076293945,111.59375
2026-02-04,65.13999938964844,58.49595260620117,6906.25,1.1816140413284302,1.3697504997253418,4920.39990234375,453.9700012207031,79.05661010742188,94.29492950439453,259.4403991699219,155.7989959716797,108.33748626708984,24999.25,604.3230590820312,682.5626831054688,85.27890014648438,77.87999725341797,27.010000228881836,111.609375
2026-02-05,63.290000915527344,58.22734832763672,6820.75,1.180163860321045,1.3644611835479736,4861.39990234375,441.8800048828125,78.96835327148438,94.8478012084961,254.7698516845703,156.91700744628906,108.859619140625,24651.0,595.6236572265625,674.0379638671875,86.2052001953125,76.69000244140625,27.09000015258789,112.125
2026-02-06,63.54999923706055,59.75938415527344,6952.75,1.177786946296692,1.3520822525024414,4951.2001953125,455.4599914550781,79.24292755126953,94.8478012084961,263.9217529296875,156.78399658203125,108.91873168945312,25163.25,608.2138671875,686.96923828125,86.26432800292969,76.98999786376953,27.010000228881836,112.109375
2026-02-09,64.36000061035156,60.19710922241211,6983.25,1.182578206062317,1.3608959913253784,5050.89990234375,467.0299987792969,79.35079956054688,94.86754608154297,265.7740783691406,157.24400329589844,108.91873168945312,25354.0,612.8728637695312,690.2816162109375,86.24461364746094,78.0199966430664,26.790000915527344,112.1875
2026-02-10,63.959999084472656,60.286643981933594,6961.5,1.1904053688049316,1.368344783782959,5003.7998046875,462.3999938964844,79.2723388671875,95.2822036743164,265.05706787109375,156.1320037841797,109.17487335205078,25218.25,610.029541015625,688.4613037109375,87.23989868164062,78.02999877929688,26.799999237060547,112.515625
2026-02-11,64.62999725341797,61.24168014526367,6960.5,1.1889617443084717,1.3634566068649292,5071.60009765625,467.6300048828125,79.26253509521484,95.01564025878906,263.8520812988281,154.48199462890625,109.05665588378906,25288.5,611.6657104492188,688.3021850585938,86.77674865722656,78.88999938964844,26.829999923706055,112.28125
2026-02-12,62.84000015258789,60.5452995300293,6851.0,1.1876062154769897,1.362399697303772,4923.7001953125,451.3900146484375,79.22331237792969,95.59814453125,258.4644775390625,153.2689971923828,109.56893920898438,24768.0,599.22509765625,677.668701171875,87.92970275878906,76.37999725341797,26.81999969482422,112.796875
2026-02-13,62.88999938964844,60.803955078125,6850.5,1.1868449449539185,1.3620266914367676,5022.0,462.6199951171875,79.28215026855469,95.97329711914062,261.87030029296875,152.8209991455078,109.93343353271484,24803.25,600.5020751953125,678.1461181640625,88.41255950927734,76.22000122070312,26.81999969482422,113.171875
2026-02-16,,,,1.1867464780807495,1.3647778034210205,,,,,,152.7790069580078,,,,,,,,
2026-02-17,62.33000183105469,60.55524826049805,6860.5,1.1849884986877441,1.3627691268920898,4882.89990234375,448.20001220703125,79.24292755126953,95.96342468261719,261.9499816894531,153.60899353027344,110.04180145263672,24767.75,599.8834838867188,679.2402954101562,88.56037902832031,75.7300033569336,26.90999984741211,113.125
2026-02-18,65.19000244140625,60.873592376708984,6894.25,1.185185194015503,1.3564472198486328,4986.5,458.2799987792969,79.34099578857422,95.76597595214844,262.8960266113281,153.1490020751953,109.93343353271484,24956.0,604.3629150390625,682.662109375,88.22532653808594,79.4000015258789,27.079999923706055,112.953125
2026-02-19,66.43000030517578,60.724369049072266,6877.0,1.1788839101791382,1.349582314491272,4975.89990234375,459.55999755859375,79.37041473388672,95.85482788085938,263.5035400390625,154.6929931640625,110.02210235595703,24858.75,602.0484008789062,680.8616943359375,88.31401824951172,81.19000244140625,27.1200008392334,112.96875
2026-02-20,66.38999938964844,62.01764678955078,6923.25,1.1769136190414429,1.3461124897003174,5059.2998046875,468.6199951171875,79.42924499511719,95.85482788085938,263.5134582519531,155.16000366210938,109.93343353271484,25067.5,607.3758544921875,685.7855834960938,88.1070785522461,80.8499984741211,27.09000015258789,112.9375
2026-02-23,66.30999755859375,61.331214904785156,6851.5,1.1834739446640015,1.3533265590667725,5204.7001953125,481.2799987792969,79.30177307128906,96.20038604736328,259.4105224609375,154.33900451660156,110.0516586303711,24762.75,599.9932250976562,678.7827758789062,88.43226623535156,80.9000015258789,27.09000015258789,113.375
2026-02-24,65.62999725341797,62.296199798583984,6903.75,1.1793843507766724,1.34969162940979,5155.7998046875,474.6099853515625,79.24292755126953,96.18062591552734,262.23876953125,154.63499450683594,110.02210235595703,25028.75,606.4380493164062,683.7164916992188,88.58993530273438,80.76000213623047,27.110000610351562,113.296875
2026-02-25,65.41999816894531,62.98263168334961,6959.75,1.1775233745574951,1.3497462272644043,5206.39990234375,473.4200134277344,79.35079956054688,96.10163879394531,263.48358154296875,155.8800048828125,109.9925537109375,25382.0,615.227294921875,689.4859008789062,88.59980010986328,79.7300033569336,27.079999923706055,113.171875
2026-02-26,65.20999908447266,62.38573455810547,6920.0,1.181516408920288,1.3558034896850586,5176.5,477.4800109863281,79.28215026855469,96.35833740234375,264.88775634765625,156.1999969482422,110.06151580810547,25081.0,607.8048095703125,685.6561889648438,88.95454406738281,79.7699966430664,27.100000381469727,113.421875
2026-02-27,67.0199966430664,62.25640869140625,6889.0,1.1803030967712402,1.3491452932357788,5230.5,483.75,79.15467071533203,96.74337768554688,260.3267517089844,155.85899353027344,110.02210235595703,25004.75,605.859375,682.3637084960938,89.49652862548828,81.94999694824219,27.079999923706055,113.859375
2026-03-02,71.2300033569336,61.18199157714844,6888.25,1.1759449243545532,1.3406623601913452,5294.39990234375,490.0,79.10934448242188,96.16217803955078,262.7167663574219,156.63299560546875,109.6494140625,25025.25,606.6575317382812,682.7516479492188,88.5978012084961,87.19000244140625,27.329999923706055,113.15625
2026-03-03,74.55999755859375,58.117916107177734,6824.75,1.1697274446487427,1.3410578966140747,5107.39990234375,468.1400146484375,78.9516830444336,96.05325317382812,258.1657409667969,157.2570037841797,109.5999984741211,24755.75,600.1629028320312,676.7337036132812,88.41983032226562,90.19999694824219,27.459999084472656,113.109375
2026-03-04,74.66000366210938,58.744659423828125,6876.0,1.161224365234375,1.3353630304336548,5120.2001953125,471.79998779296875,79.22760009765625,95.85521697998047,260.67529296875,157.7729949951172,109.6988525390625,25128.25,609.311279296875,681.50830078125,88.14299774169922,91.55999755859375,27.40999984741211,112.90625
2026-03-05,81.01000213623047,57.33200454711914,6835.25,1.1635618209838867,1.3369520902633667,5065.2998046875,466.1300048828125,78.91226196289062,95.55818176269531,255.6959991455078,156.98300170898438,109.26388549804688,25049.5,607.4755249023438,677.7084350585938,87.78706359863281,96.30999755859375,27.479999542236328,112.421875
2026-03-06,90.9000015258789,57.02360534667969,6743.75,1.1608065366744995,1.3357375860214233,5146.10009765625,473.510009765625,78.52794647216797,95.49876403808594,249.850341796875,157.53399658203125,108.89813232421875,24670.25,598.337158203125,668.8256225585938,87.46078491210938,108.7699966430664,27.469999313354492,112.5625
2026-03-09,94.7699966430664,58.147762298583984,6801.0,1.152325987815857,1.3301055431365967,5091.5,472.5299987792969,79.00094604492188,95.79581451416016,252.5690155029297,158.427001953125,109.55056762695312,24991.0,606.3283081054688,674.6845092773438,88.22209167480469,104.33000183105469,27.459999084472656,112.484375
2026-03-10,83.44999694824219,58.37657165527344,6787.25,1.1617234945297241,1.3424980640411377,5229.7001953125,477.8599853515625,78.87284088134766,95.48888397216797,252.31008911132812,157.84800720214844,108.79926300048828,24982.5,606.3383178710938,673.6002807617188,87.28282165527344,105.86000061035156,27.450000762939453,112.578125
2026-03-11,87.25,58.52579879760742,6779.5,1.1611299514770508,1.3419036865234375,5167.39990234375,476.239990234375,78.69547271728516,95.05321502685547,251.80221557617188,158.11399841308594,107.90958404541016,24983.5,606.2584838867188,672.7548217773438,86.15569305419922,108.05000305175781,27.549999237060547,112.125
2026-03-12,95.7300033569336,56.655517578125,6677.5,1.1543211936950684,1.338186502456665,5115.7998046875,466.8800048828125,78.19290924072266,94.74626922607422,246.384765625,159.0749969482422,107.32633209228516,24560.0,595.8530883789062,662.5390625,85.98760986328125,118.38999938964844,27.68000030517578,111.5625
2026-03-13,98.70999908447266,56.50629425048828,6636.0,1.1521666049957275,1.335250735282898,5052.5,460.8399963378906,78.04508972167969,94.64725494384766,245.56814575195312,159.20599365234375,106.93091583251953,24394.25,592.3213500976562,658.7890014648438,85.5624771118164,119.88999938964844,27.889999389648438,111.5625
2026-03-16,93.5,58.078125,6704.75,1.1435105800628662,1.3247665166854858,4994.0,460.42999267578125,78.29144287109375,95.07301330566406,247.8885040283203,159.5679931640625,107.44496154785156,24675.75,598.9656982421875,665.493408203125,86.22490692138672,115.02999877929688,27.729999542236328,112.03125
2026-03-17,96.20999908447266,58.44620895385742,6721.75,1.1499539613723755,1.3314337730407715,5001.0,459.2699890136719,78.64619445800781,95.24134063720703,249.45677185058594,159.10499572753906,108.0479736328125,24795.5,601.8887939453125,667.2440185546875,86.46219635009766,118.83999633789062,27.68000030517578,112.140625
2026-03-18,96.31999969482422,57.262367248535156,6626.0,1.153948187828064,1.335951805114746,4889.89990234375,444.739990234375,78.24217987060547,94.80567932128906,245.43634033203125,158.88900756835938,107.46473693847656,24434.5,593.4986572265625,657.9335327148438,85.97772979736328,121.66999816894531,27.850000381469727,111.6875
2026-03-19,96.13999938964844,57.322052001953125,6609.25,1.1464471817016602,1.32650625705719,4600.7001953125,426.4100036621094,78.4983901977539,94.7957763671875,247.04251098632812,159.7949981689453,107.93923950195312,24364.0,591.623046875,656.3121337890625,86.50173950195312,117.36000061035156,27.579999923706055,111.359375
2026-03-20,98.31999969482422,55.352291107177734,6594.6298828125,1.157755732536316,1.342570185661316,4570.39990234375,413.3800048828125,77.76918029785156,93.94425964355469,241.64535522460938,157.9239959716797,106.61457824707031,24291.779296875,580.6888427734375,646.9034423828125,84.8604965209961,121.43000030517578,27.68000030517578,110.796875
2026-03-23,88.12999725341797,57.01365661621094,6634.75,1.1560158729553223,1.3331555128097534,4404.10009765625,404.0400085449219,78.2815933227539,94.24129486083984,246.86293029785156,159.23399353027344,107.31645202636719,24408.25,587.3545532226562,653.6959228515625,85.41416931152344,110.55999755859375,27.559999465942383,110.921875
2026-03-24,92.3499984741211,56.22774124145508,6606.0,1.1607122421264648,1.342426061630249,4399.2998046875,404.1300048828125,78.01553344726562,93.92445373535156,248.18978881835938,158.47900390625,107.09896850585938,24213.75,583.3389282226562,651.5015869140625,85.03846740722656,114.54000091552734,27.649999618530273,110.421875
2026-03-25,90.31999969482422,57.123085021972656,6640.75,1.16146719455719,1.3416335582733154,4549.7998046875,416.2900085449219,78.26187896728516,94.41952514648438,251.2225799560547,158.71800231933594,107.48451232910156,24367.75,587.1747436523438,655.1322021484375,85.85908508300781,113.38999938964844,27.700000762939453,110.890625
2026-03-26,94.4800033569336,55.18317413330078,6525.0,1.1561496257781982,1.336362361907959,4375.5,400.6400146484375,77.76918029785156,93.65711212158203,246.85296630859375,159.38400268554688,106.64423370361328,23794.25,573.1600952148438,643.432373046875,85.13733673095703,117.26000213623047,27.809999465942383,110.171875
2026-03-27,99.63999938964844,54.91456985473633,6412.25,1.1535090208053589,1.3335645198822021,4492.0,414.70001220703125,77.57209777832031,93.66702270507812,242.5232696533203,159.70399475097656,106.38722229003906,23328.5,561.9624633789062,632.4606323242188,84.67263793945312,124.19999694824219,27.84000015258789,110.15625
2026-03-30,102.87999725341797,54.466896057128906,6388.25,1.149200677871704,1.3238370418548584,4526.0,414.5799865722656,77.66078186035156,94.33040618896484,239.04153442382812,160.23399353027344,107.0693130493164,23139.75,557.6671752929688,630.3460693359375,85.79976654052734,129.8300018310547,27.979999542236328,110.8125
2026-03-31,101.37999725341797,56.49634552001953,6570.75,1.1460003852844238,1.3172800540924072,4647.60009765625,430.2900085449219,78.39984130859375,94.49874114990234,247.41163635253906,159.84100341796875,107.74152374267578,23915.0,576.54638671875,648.6688842773438,85.71077728271484,127.25,27.780000686645508,111.046875
2026-04-01,100.12000274658203,56.9340705871582,6617.75,1.1574207544326782,1.324327826499939,4783.2001953125,437.82000732421875,78.5919418334961,94.4162826538086,248.96792602539062,158.57899475097656,107.8566665649414,24194.75,583.6685791015625,653.5562744140625,85.62640380859375,124.08999633789062,27.729999542236328,110.984375
2026-04-02,111.54000091552734,56.29737854003906,6622.25,1.159057378768921,1.3302648067474365,4651.5,429.4100036621094,78.78007507324219,94.63484191894531,250.69381713867188,158.68800354003906,108.31327056884766,24218.0,584.3378295898438,654.144775390625,86.15251159667969,137.9199981689453,27.860000610351562,111.015625
2026-04-03,,,,1.1541746854782104,1.3230313062667847,,,,,,159.49099731445312,,,,,,,,
2026-04-06,112.41000366210938,56.814693450927734,6651.0,1.150999665260315,1.3186348676681519,4656.7998046875,427.6499938964844,78.91870880126953,94.38648223876953,251.76129150390625,159.77999877929688,108.14451599121094,24358.5,587.85400390625,657.23681640625,86.01354217529297,138.94000244140625,27.829999923706055,110.8125
2026-04-07,112.94999694824219,57.01365661621094,6656.75,1.1541212797164917,1.3234164714813232,4657.10009765625,431.80999755859375,78.93851470947266,94.6249008178711,252.3099822998047,159.68299865722656,108.26363372802734,24371.0,587.9439086914062,657.5260009765625,86.00361633300781,138.0800018310547,27.75,110.859375
2026-04-08,94.41000366210938,60.127471923828125,6823.75,1.1686612367630005,1.3401771783828735,4749.5,434.5299987792969,79.4039077758789,94.83352661132812,259.85205078125,158.71600341796875,108.68052673339844,25074.25,605.4246826171875,674.27294921875,86.28155517578125,124.58000183105469,27.530000686645508,111.234375
2026-04-09,97.87000274658203,59.968299865722656,6863.25,1.16593599319458,1.3394052982330322,4792.2001953125,437.9100036621094,79.4930191040039,94.80371856689453,261.3385009765625,158.64199829101562,108.68052673339844,25251.5,609.5202026367188,678.162841796875,86.06317138671875,126.95999908447266,27.479999542236328,111.234375
2026-04-10,96.56999969482422,60.24685287475586,6855.25,1.1691256761550903,1.3430029153823853,4761.89990234375,437.1300048828125,79.17616271972656,94.64476776123047,260.6800537109375,159.11199951171875,108.39266967773438,25281.25,610.3992309570312,677.7140502929688,85.8547134399414,124.81999969482422,27.440000534057617,111.09375
2026-04-13,99.08000183105469,60.754215240478516,6922.75,1.1675150394439697,1.339441180229187,4742.39990234375,435.3599853515625,79.47322082519531,94.85340118408203,264.4411315917969,159.67999267578125,108.8095703125,25543.5,616.7122802734375,684.3369750976562,86.11280822753906,128.47000122070312,27.3799991607666,111.234375
2026-04-14,91.27999877929688,61.91816711425781,7004.75,1.176885962486267,1.3515340089797974,4825.0,445.0899963378906,79.71086883544922,95.1613540649414,268.0824890136719,159.21400451660156,109.16690826416016,25996.75,627.909912109375,692.675537109375,86.56942749023438,123.8499984741211,27.31999969482422,111.53125
2026-04-15,91.29000091552734,61.87837219238281,7060.5,1.179940938949585,1.357533574104309,4800.0,440.4599914550781,79.67125701904297,94.95274353027344,268.75091552734375,158.79200744628906,109.12721252441406,26365.5,636.7003173828125,698.1414184570312,86.19222259521484,122.58999633789062,27.290000915527344,111.359375
2026-04-16,94.69000244140625,62.127079010009766,7077.0,1.1809163093566895,1.3573696613311768,4785.39990234375,440.0799865722656,79.56233215332031,94.78385925292969,269.3095703125,158.8090057373047,108.62097930908203,26487.25,639.7669067382812,699.8569946289062,85.64625549316406,125.83999633789062,27.3700008392334,111.21875
2026-04-17,83.8499984741211,63.3109245300293,7161.5,1.1782727241516113,1.3526124954223633,4857.60009765625,445.92999267578125,79.8593978881836,95.3004379272461,275.125732421875,159.19500732421875,109.22647094726562,26825.5,648.1376953125,708.3152465820312,86.43045043945312,116.04000091552734,27.360000610351562,111.71875
2026-04-20,89.61000061035156,62.85330581665039,7148.0,1.1741223335266113,1.348435878753662,4806.60009765625,442.0899963378906,79.79008483886719,95.21102905273438,276.6920166015625,159.16099548339844,109.21653747558594,26748.75,646.0799560546875,706.8988037109375,86.41060638427734,121.31999969482422,27.31999969482422,111.65625
2026-04-21,92.12999725341797,61.9281120300293,7100.0,1.1784392595291138,1.3531250953674316,4698.39990234375,429.57000732421875,79.58214569091797,94.79378509521484,273.8587646484375,158.843994140625,108.79964447021484,26634.75,643.6226806640625,702.2708129882812,85.93412017822266,128.25,27.469999313354492,111.296875
2026-04-22,92.95999908447266,63.052268981933594,7171.25,1.174425721168518,1.3509680032730103,4732.5,435.260009765625,79.71086883544922,94.89312744140625,275.8240661621094,159.3730010986328,109.00809478759766,27083.0,654.390869140625,709.3825073242188,86.10287475585938,129.39999389648438,27.479999542236328,111.28125
2026-04-23,95.8499984741211,62.02759552001953,7143.5,1.1706037521362305,1.3500378131866455,4705.10009765625,431.0400085449219,79.58214569091797,94.7441177368164,274.8663330078125,159.48800659179688,108.7103042602539,26934.0,650.7048950195312,706.6295776367188,85.91427612304688,134.72000122070312,27.530000686645508,111.046875
2026-04-24,94.4000015258789,63.41040802001953,7194.75,1.16838800907135,1.3466380834579468,4722.2998046875,433.25,79.69107055664062,94.932861328125,275.99365234375,159.7469940185547,108.78971862792969,27435.0,663.1512451171875,712.10546875,86.0730972290039,132.39999389648438,27.479999542236328,111.21875
2026-04-27,96.37000274658203,63.3109245300293,7206.0,1.1706448793411255,1.3515102863311768,4675.39990234375,429.8900146484375,79.72077178955078,94.71430969238281,276.4825134277344,159.5760040283203,108.48200988769531,27440.5,663.5008544921875,713.332275390625,85.64625549316406,134.72000122070312,27.450000762939453,111.03125
2026-04-28,99.93000030517578,62.66428756713867,7171.0,1.1723467111587524,1.3538211584091187,4591.5,421.9100036621094,79.61184692382812,94.6249008178711,273.2601623535156,159.35699462890625,108.5316390991211,27168.75,656.8281860351562,709.8612060546875,85.73560333251953,139.60000610351562,27.530000686645508,110.859375
2026-04-29,106.87999725341797,62.36583709716797,7168.0,1.171783447265625,1.3524478673934937,4545.2001953125,417.4100036621094,79.34449005126953,94.17786407470703,271.4344787597656,159.552001953125,107.92615509033203,27325.25,660.84375,709.7515258789062,85.07051849365234,150.6300048828125,27.610000610351562,110.359375
2026-04-30,105.06999969482422,63.65911865234375,7243.75,1.168470025062561,1.3488596677780151,4614.7001953125,423.6600036621094,79.592041015625,94.35667419433594,277.310546875,160.1840057373047,108.04525756835938,27596.0,667.0069580078125,716.8132934570312,84.99110412597656,147.08999633789062,27.360000610351562,110.59375
2026-05-01,101.94000244140625,63.79838943481445,7258.0,1.172910451889038,1.3602666854858398,4629.89990234375,423.17999267578125,79.69058227539062,94.42843627929688,278.617431640625,156.97799682617188,108.21965026855469,27835.75,673.4099731445312,718.7982177734375,85.29498291015625,142.8000030517578,27.40999984741211,110.640625
2026-05-04,106.41999816894531,63.7685432434082,7230.25,1.1726628541946411,1.3581420183181763,4519.5,414.7099914550781,79.4317855834961,94.07958984375,277.22076416015625,156.8459930419922,107.8708724975586,27776.0,672.141357421875,716.1649780273438,84.64736938476562,147.61000061035156,27.479999542236328,110.171875
2026-05-05,102.2699966430664,65.06182861328125,7287.25,1.1691941022872925,1.353143334388733,4555.7998046875,418.2699890136719,79.55123138427734,94.21913146972656,281.8896484375,157.19400024414062,108.26947784423828,28136.0,680.8617553710938,721.9102172851562,85.11564636230469,144.1699981689453,27.5,110.34375
2026-05-06,95.08000183105469,67.1410140991211,7389.5,1.1715774536132812,1.3568705320358276,4681.89990234375,430.9599914550781,79.79012298583984,94.68758392333984,286.11956787109375,157.677001953125,108.80758666992188,28716.75,695.0062255859375,731.9443359375,85.76325225830078,133.9499969482422,27.350000381469727,110.796875
2026-05-07,94.80999755859375,66.24566650390625,7363.0,1.1747430562973022,1.3591758012771606,4699.7998046875,431.67999267578125,79.49150848388672,94.3985366821289,281.5903625488281,156.50799560546875,108.3591537475586,28682.25,694.1771240234375,729.7001342773438,85.3348388671875,134.97000122070312,27.40999984741211,110.515625
2026-05-08,95.41999816894531,67.58869171142578,7419.0,1.1731581687927246,1.3555645942687988,4720.39990234375,433.7699890136719,79.77021789550781,94.64772033691406,283.495849609375,156.82899475097656,108.81754302978516,29332.5,710.44921875,735.724609375,85.76325225830078,133.58999633789062,27.34000015258789,110.75
2026-05-11,98.06999969482422,67.53894805908203,7436.75,1.176885962486267,1.3594714403152466,4718.7001953125,434.6499938964844,79.61095428466797,94.32876586914062,284.6530456542969,156.85800170898438,108.54849243164062,29424.0,712.5069580078125,737.4002685546875,85.24516296386719,138.66000366210938,27.350000381469727,110.40625
2026-05-12,102.18000030517578,65.47965240478516,7426.5,1.177994966506958,1.360470175743103,4677.60009765625,432.92999267578125,79.50146484375,94.00981903076172,281.8996276855469,157.2310028076172,108.1797866821289,29170.0,706.463623046875,736.2831420898438,84.67726135253906,144.3000030517578,27.450000762939453,110.03125
2026-05-13,101.0199966430664,66.86246490478516,7469.5,1.1735436916351318,1.3537001609802246,4697.7001953125,430.5,79.5412826538086,94.00981903076172,281.9993896484375,157.67100524902344,108.23957824707031,29479.25,713.9254760742188,740.4025268554688,84.48796844482422,142.0399932861328,27.510000228881836,110.0
2026-05-14,101.16999816894531,67.03158569335938,7525.5,1.1716049909591675,1.352630853652954,4678.10009765625,427.2099914550781,79.48155212402344,93.95001983642578,283.7751770019531,157.8509979248047,108.16983032226562,29687.75,718.9998168945312,746.2474975585938,84.6075210571289,143.0,27.6200008392334,110.109375
2026-05-15,105.41999816894531,64.73352813720703,7432.25,1.166208028793335,1.3391362428665161,4555.7998046875,417.2900085449219,79.09335327148438,93.2024917602539,276.94140625,158.3820037841797,107.48223876953125,29231.75,708.1517944335938,737.2706298828125,83.35215759277344,148.22999572753906,27.770000457763672,109.171875
2026-05-18,108.66000366210938,64.63404846191406,7425.75,1.161440134048462,1.330849051475525,4552.5,418.42999267578125,79.17298126220703,93.1626205444336,275.3152770996094,158.843994140625,107.28294372558594,29096.0,705.1051025390625,736.751953125,83.25252532958984,149.2899932861328,27.700000762939453,109.015625
2026-05-19,107.7699966430664,63.9277229309082,7378.0,1.1655147075653076,1.3432012796401978,4506.2998046875,411.5,78.98385620117188,92.80380249023438,272.3523254394531,158.86099243164062,106.74483489990234,28924.25,700.7599487304688,731.8446044921875,82.71450805664062,152.9600067138672,27.790000915527344,108.703125
2026-05-20,98.26000213623047,65.12151336669922,7451.75,1.1607122421264648,1.3396027088165283,4531.2998046875,417.3999938964844,79.49150848388672,93.43172454833984,279.2060241699219,159.03500366210938,107.5719223022461,29390.5,712.3671875,739.3452758789062,83.60124206542969,144.27000427246094,27.729999542236328,109.40625
2026-05-21,96.3499984741211,65.68856811523438,7466.0,1.1625338792800903,1.3433998823165894,4539.7998046875,416.989990234375,79.53132629394531,93.49153900146484,281.8197937011719,158.88800048828125,107.79115295410156,29447.25,713.7256469726562,740.8114624023438,83.91009521484375,142.5399932861328,27.729999542236328,109.234375
2026-05-22,96.5999984741211,65.53933715820312,7491.0,1.1621150970458984,1.3432555198669434,4521.0,413.82000732421875,79.5412826538086,93.5712661743164,284.4435729980469,159.01800537109375,107.9904556274414,29558.75,716.7523193359375,743.7239990234375,84.36840057373047,140.9199981689453,27.770000457763672,109.25
2026-05-25,,,,1.164225697517395,1.34816312789917,,,,,,158.9459991455078,,,,,,,,
2026-05-26,93.88999938964844,68.04631042480469,7537.0,1.1637378931045532,1.3496370315551758,4500.39990234375,414.0,79.81002807617188,93.96995544433594,289.82080078125,158.95399475097656,108.39901733398438,30073.5,729.4783935546875,748.6613159179688,84.78685760498047,137.0,27.75,109.828125
2026-05-27,88.68000030517578,68.03636169433594,7540.0,1.1636837720870972,1.345532774925232,4447.5,408.489990234375,79.76026153564453,94.00981903076172,289.6811218261719,159.2429962158203,108.54849243164062,30047.25,728.6492919921875,748.5316162109375,84.98612213134766,131.02999877929688,27.75,109.90625
2026-05-28,88.9000015258789,68.2552261352539,7581.75,1.1617909669876099,1.3416515588760376,4499.2998046875,412.7699890136719,79.85980224609375,94.2291030883789,291.3371887207031,159.5679931640625,108.8773422241211,30307.0,734.79248046875,752.6609497070312,85.42449951171875,130.77999877929688,27.700000762939453,110.046875
2026-05-29,87.36000061035156,68.24527740478516,7595.75,1.1652837991714478,1.3444474935531616,4560.5,417.1199951171875,79.9394302368164,94.33873748779297,289.740966796875,159.27000427246094,108.97698974609375,30405.25,737.49951171875,754.5361328125,85.4444351196289,129.08999633789062,27.65999984741211,110.078125
2026-06-01,92.16000366210938,69.7176284790039,7613.25,1.164890170097351,1.345152735710144,4475.2001953125,411.260009765625,79.47159576416016,93.86031341552734,288.29443359375,159.35299682617188,108.54849243164062,30566.25,741.9246826171875,756.5908203125,85.1554946899414,135.5,27.760000228881836,109.859375
2026-06-02,93.76000213623047,70.43390655517578,7623.75,1.1635483503341675,1.3460001945495605,4489.10009765625,411.95001220703125,79.53132629394531,93.93008422851562,290.9680480957031,159.63600158691406,108.53852844238281,30712.75,745.3408813476562,757.6182250976562,85.3348388671875,137.27000427246094,27.760000228881836,109.953125
2026-06-03,96.0199966430664,69.5584487915039,7571.75,1.1622096300125122,1.3454241752624512,4436.7001953125,407.8699951171875,79.31233978271484,93.69087219238281,286.9875183105469,159.96800231933594,108.23957824707031,30633.25,743.39306640625,752.3018798828125,84.99608612060547,140.86000061035156,27.860000610351562,109.71875
2026-06-04,93.04000091552734,68.74269104003906,7601.0,1.160941243171692,1.3427144289016724,4475.7998046875,411.2699890136719,79.4616470336914,93.81048583984375,291.3172302246094,159.94000244140625,108.4687728881836,30488.25,739.7969970703125,755.1445922851562,85.18538665771484,136.74000549316406,27.84000015258789,109.84375
2026-06-05,90.54000091552734,64.25601196289062,7400.5,1.1612648963928223,1.3427000045776367,4337.10009765625,396.239990234375,79.06349182128906,93.31212615966797,280.9817810058594,159.99000549316406,107.79115295410156,29026.5,704.2860107421875,735.65478515625,84.74700164794922,133.02000427246094,28.020000457763672,109.34375
2026-06-08,91.30000305175781,65.4100112915039,7416.0,1.1522595882415771,1.3335645198822021,4335.89990234375,397.2699890136719,79.17298126220703,93.21244812011719,283.4359436035156,160.32699584960938,107.6815414428711,29454.75,715.283935546875,737.3204345703125,84.30862426757812,135.14999389648438,28.030000686645508,109.296875
2026-06-09,88.19999694824219,65.47965240478516,7392.75,1.1528440713882446,1.3333333730697632,4260.0,390.7799987792969,79.25261688232422,93.47159576416016,284.3437805175781,160.1739959716797,108.03031921386719,29117.0,707.052978515625,735.1560668945312,84.8067855834961,131.3000030517578,28.010000228881836,109.484375
2026-06-10,90.02999877929688,64.32565307617188,7278.5,1.1535356044769287,1.3372201919555664,4108.2001953125,374.5799865722656,79.10330963134766,93.38189697265625,281.3808288574219,160.38400268554688,107.78119659423828,28554.0,692.9285278320312,723.56591796875,84.56766510009766,134.3000030517578,28.049999237060547,109.40625
2026-06-11,87.70999908447266,67.15096282958984,7396.0,1.1535621881484985,1.3362016677856445,4090.300048828125,386.32000732421875,79.5711441040039,94.02975463867188,289.72100830078125,160.52699279785156,108.69796752929688,29464.75,716.332763671875,735.8642578125,85.66361999511719,128.8300018310547,27.950000762939453,109.9375
2026-06-12,84.87999725341797,67.52899932861328,7435.0,1.157594919204712,1.341381549835205,4215.0,386.5400085449219,79.5711441040039,93.87028503417969,292.2550048828125,160.1300048828125,108.62821197509766,29662.0,720.5481567382812,739.843994140625,85.45439147949219,125.43000030517578,27.950000762939453,109.78125
2026-06-15,80.75,69.75,7561.25,1.1603081226348877,1.344971776008606,4328.0,396.54998779296875,79.6706771850586,93.96995544433594,294.6400146484375,159.9550018310547,108.60828399658203,30559.25,743.1832885742188,752.890380859375,85.40457916259766,121.20999908447266,27.969999313354492,109.90625
2026-06-16,76.05000305175781,68.63999938964844,7518.5,1.1594202518463135,1.341599464416504,4330.89990234375,397.6300048828125,79.66072082519531,94.20915985107422,292.0799865722656,160.22900390625,108.73783111572266,29995.0,729.0587768554688,748.4019775390625,85.87284851074219,115.47000122070312,27.93000030517578,110.1875
